Smiles,Rf,XGB,SVM,Mean
c1(sc2c(c1Cl)cccc2)C(=O)Nc1cc(OCc2ccccc2)ccc1,0.645081145,0.89163595,0.799472112,0.778729737
C(C(=O)NCCCOCC)(NC(=O)CNC(=O)c1ccccc1)c1ccc(cc1)OC,0.634279887,0.99863833,0.682626531,0.77184825
N1(C(=O)OCc2ccccc2)C(C(=O)NC(C(=O)Nc2ccc(cc2)OC)c2ccc(cc2)OC)CCC1,0.668117754,0.9955368,0.605570763,0.75640844
N1(C(=O)OCc2ccccc2)C(C(=O)NC(C(=O)Nc2ccc(cc2)OC)c2ccccc2)CCC1,0.64840942,0.99634546,0.60949019,0.751415023
c1(sc2c(c1Cl)cccc2)C(=O)Nc1cc2sc(nc2cc1)NC(=O)C,0.569285245,0.9953917,0.681908271,0.748861748
c1([nH]c2c(c1)ccc(c2)OC)C(=O)Nc1ccccc1,0.530618203,0.98810774,0.723013974,0.747246639
C(=O)(C(NC(=O)Cc1c[nH]c2c1cccc2)c1ccc(cc1)OC)Nc1ccc(cc1)OC,0.584243491,0.9732198,0.659983484,0.739148929
c1(nc2c(s1)cc(cc2)F)NC(=O)c1cc(F)ccc1,0.613950412,0.98064625,0.621315385,0.73863735
c1(C(=O)NC(C(=O)Nc2ccc(cc2)OC)c2ccc(cc2)OC)c[nH]c(=O)cc1,0.577575075,0.99868876,0.615767836,0.730677223
c1(nc2c(s1)cc(cc2)OC)NC(=O)c1ccc(cc1)C,0.556389266,0.9424412,0.692039359,0.73028995
c1(nc2c(s1)cc(cc2)C)NC(=O)C(NC(=O)OCc1ccccc1)Cc1c[nH]c2c1cccc2,0.551875,0.98401767,0.644006129,0.726632933
c1(nc2c(s1)cc(NC(=O)CSc1ccccc1)cc2)NC(=O)c1ccccc1,0.563169319,0.9868407,0.628998832,0.726336292
c1(sc2c(c1Cl)cccc2)C(=O)Nc1cc(C(=O)OC)cc(C(=O)OC)c1,0.446861607,0.9866263,0.741258357,0.724915431
N1(C(=O)OCc2ccccc2)C(C(=O)NC(C(=O)Nc2ccc(cc2)OC)c2ccc(cc2)C)CCC1,0.64353442,0.98738164,0.543111135,0.724675731
c1(nc2c(s1)cc(cc2)OC)NC(=O)c1ccc(C(C)(C)C)cc1,0.561401556,0.9359317,0.676035214,0.724456151
c1(nc2c(s1)cc(NC(=O)C)cc2)c1ccc(NC(=O)C)cc1,0.490740806,0.9738017,0.69701079,0.720517756
c1([nH]c2c(c1)ccc(c2)OC)C(=O)Nc1ccc(c2[nH]c3c(c2)cccc3)cc1,0.535553218,0.99158746,0.629826334,0.718989004
c1(nc2n(c1)cc(cc2)Cl)C(=O)Nc1cc2[nH]ccc2cc1,0.46006738,0.99519354,0.701452122,0.718904348
c1(nc2c(s1)cc(NC(=O)NCc1ccccc1)cc2)NC(=O)c1ccccc1,0.551718778,0.98838156,0.605813678,0.715304674
c1(sc2c(c1Cl)cccc2)C(=O)Nc1ccc(c2nc3c(s2)cc(cc3)C)cc1,0.495008957,0.9709452,0.676205084,0.714053073
c1(nc2c(s1)cc(cc2)C)NC(=O)c1ccc(cc1)C,0.57685913,0.8846407,0.678694885,0.713398236
c1(sc2c(c1Cl)cccc2)C(=O)Nc1cc(c2nc3c(s2)cccc3)c(cc1)O,0.505565032,0.9717642,0.66157939,0.712969543
C(=O)(C(NC(=O)CNC(=O)C)c1ccccc1)Nc1ccc(cc1)OC,0.547004297,0.99702793,0.594119502,0.712717244
c1(c[nH]c2c1cccc2)CC(=O)NC(C(=O)NCCCOCC)c1ccccc1,0.55794996,0.97313356,0.596476026,0.709186517
c1(nc2c(s1)cc(NC(=O)c1sccc1)cc2)NC(=O)c1ccccc1,0.544883276,0.93126416,0.633953789,0.703367076
c1(nc2c(s1)cc(NC(=O)c1[nH]c3c(c1)cc(cc3)Cl)cc2)NC(=O)c1ccccc1,0.640855573,0.833098,0.620847327,0.698266965
N1=C(CC(C(=O)Nc2ccc(cc2)OC)O1)c1cc(c(cc1)OC)OC,0.401305524,0.99770135,0.690453199,0.69648669
N1=C(CC(C(=O)Nc2cc(c(cc2)OC)OC)O1)c1cc(c(cc1)OC)OC,0.411959811,0.9982962,0.678662928,0.696306313
O=C(Nc1cc(ccc1)C(=O)OC)c1c(c2ccccc2s1)Cl,0.448914852,0.9691705,0.665601407,0.694562257
c1(C(=O)NC(C(=O)Nc2ccc(cc2)OC)c2ccc(cc2)C)c[nH]c(=O)cc1,0.535908408,0.9958682,0.549239512,0.693672042
N1=C(CC(C(=O)Nc2cc(C(F)(F)F)ccc2)O1)c1cc(c(cc1)OC)OC,0.402404368,0.997239,0.680193098,0.69327882
N1=C(CC(C(=O)Nc2cc(C(=O)C)ccc2)O1)c1cc(c(cc1)OC)OC,0.420495049,0.99717283,0.657755148,0.691807676
c1(nc2c(s1)cc(cc2)C)c1ccc(NC(=O)[C@H](NC(=O)OCC)Cc2c[nH]c3c2cccc3)cc1,0.520181159,0.9701269,0.579302265,0.689870117
c1(nc2c(s1)cc(C(=O)NCc1ccc(cc1)OC)cc2)N1CCOCC1,0.46349176,0.9466466,0.658942793,0.689693708
C(c1ccc(NC(=O)c2csc(n2)c2ccc(OCc3cc(F)ccc3)cc2)cc1)(F)(F)F,0.535922717,0.9351148,0.596980451,0.689339323
O=C(Nc1ccc(Cc2ccccc2)cc1)c1c(c2ccccc2s1)Cl,0.48185365,0.9427636,0.641477805,0.68869836
N1=C(CC(C(=O)Nc2cc(O)ccc2)O1)c1cc(c(cc1)OC)OC,0.422084639,0.99276805,0.647094189,0.687315626
c1(sc2c(c1Cl)cccc2)C(=O)Nc1ccc(C(=O)OC)cc1,0.444562689,0.9613126,0.656051285,0.687308855
c1(nc2c(s1)cc(NC(=O)CCc1ccccc1)cc2)NC(=O)c1ccccc1,0.56540595,0.9108047,0.579873221,0.685361287
c1(nnc(s1)COc1ccc(cc1)C)C(=O)Nc1cc(C(=O)NCc2ccc(cc2)OC)ccc1,0.488131944,0.99463624,0.572065193,0.684944458
N1(C(=O)OCc2ccccc2)C(C(=O)NC(C(=O)Nc2ccc(cc2)C(C)C)c2ccc(cc2)OC)CCC1,0.634938406,0.98844737,0.428220529,0.683868768
n1c(oc(n1)COc1cc(NC(=O)c2cocc2)ccc1)c1ccc(cc1)Cl,0.506357723,0.97530985,0.567821325,0.683162966
N1=C(CC(C(=O)Nc2ccc(C(=O)C)cc2)O1)c1cc(c(cc1)OC)OC,0.395941605,0.99751306,0.65020353,0.681219397
c1(sc2c(c1Cl)cccc2)C(=O)Nc1nc2c(s1)cc(cc2)F,0.487988362,0.87355363,0.681533681,0.681025226
c1(c2c([nH]c1)ccc(c2)OC)C(c1cc(OCc2ccccc2)ccc1)CC(=O)NCc1ccccc1,0.546523175,0.95050544,0.541804274,0.679610961
c1(nc2c(s1)cc(cc2)C)NC(=O)c1c(O)cccc1,0.528256253,0.9719241,0.538555597,0.679578659
c1(nc2n(c1)cc(cc2)Cl)C(=O)Nc1cc2c([nH]cc2)cc1,0.47227191,0.92562693,0.640352567,0.679417137
c1(sc2c(c1Cl)cccc2)C(=O)Nc1cc2c(OCCO2)cc1,0.448064117,0.9837711,0.605946904,0.679260702
c1(nc(sc1)c1ccc(OCc2cc(F)ccc2)cc1)C(=O)Nc1ccccc1,0.562189136,0.94306284,0.529649978,0.678300652
c1(nc2c(s1)cc(NC(=O)C)cc2)NC(=O)c1ccc(Cc2ccccc2)cc1,0.579887354,0.8902001,0.564783916,0.67829045
N1(C(=O)C(NC(=O)Cc2c[nH]c3c2cccc3)c2ccccc2)c2c(CCC1)cccc2,0.509549779,0.94195116,0.582004401,0.677835112
c1(nc2c(s1)cc(cc2)C)NC(=O)c1ccc(cc1)OC,0.516191649,0.9155799,0.600216661,0.677329408
c1(sc2c(c1Cl)cccc2)C(=O)Nc1cc(c(c2nc3c(o2)cccc3)cc1)O,0.446178625,0.9928652,0.592670669,0.677238166
c1(nc2c(s1)cc(cc2)OC)NC(=O)c1cc(OC)ccc1,0.532689902,0.91611445,0.581246342,0.676683565
c1(nc2c(s1)cc(NC(=O)CCc1ccc(cc1)OC)cc2)NC(=O)c1ccccc1,0.53617707,0.97600937,0.516275129,0.676153856
c1(sc2c(c1Cl)cccc2)C(=O)Nc1ccc(C(=O)c2ccccc2)cc1,0.460421204,0.97054976,0.597115654,0.676028873
c1(sc2c(c1Cl)cccc2)C(=O)Nc1cc(C(=O)C)ccc1,0.463705223,0.9824249,0.579341818,0.675157319
c1(sc2c(c1Cl)cccc2)C(=O)Nc1cc(cc(c1)OC)OC,0.438175366,0.9331255,0.653164456,0.674821773
n1c(oc(n1)COc1ccc(NC(=O)c2cocc2)cc1)c1ccc(cc1)Cl,0.512759664,0.97534686,0.536272553,0.674793027
S(=O)(=O)(Nc1cc(c2c3c(ccc2O)cccc3)c(cc1)O)c1ccc(cc1)Cl,0.444260063,0.9948592,0.581143695,0.673420992
c1(sc2c(c1Cl)ccc(c2)c1ccccc1)C(=O)Nc1ccc(cc1)OC,0.481034728,0.9370045,0.601234444,0.673091226
c1(nc2c(s1)cc(NC(=O)CC)cc2)SCC(=O)Nc1ccc(C(=O)C)cc1,0.476521097,0.94945675,0.590204975,0.672060941
c1(nc2c(s1)cc(cc2)C)NC(=O)c1cc(NC(=O)CC)ccc1,0.556629576,0.90938634,0.549686536,0.671900816
N1=C(CC(C(=O)Nc2cc3c(OCO3)cc2)O1)c1cc(c(cc1)OC)OC,0.42485203,0.9977187,0.592997896,0.671856206
c1(nnc(s1)COc1ccccc1)C(=O)Nc1cc(C(=O)NCc2cc(OC)ccc2)ccc1,0.541560743,0.97921914,0.492524964,0.671101615
S(=O)(=O)(N(C(=O)c1ccc(cc1)OC)Cc1ccccc1)c1cc2n(c(=O)n(c2cc1)C)C,0.390046365,0.9835591,0.638203897,0.670603111
n1(nc(C(=O)Nc2ccc(cc2)OC)ccc1=O)CC(=O)Nc1cc(C(=O)C)ccc1,0.435341901,0.982941,0.592631737,0.67030487
c1(sc2c(c1Cl)cccc2)C(=O)Nc1ccccc1,0.474711501,0.8987907,0.635553022,0.66968508
c12nc(cn1cccn2)c1cc(NC(=O)c2cc(C(F)(F)F)ccc2)ccc1,0.436495627,0.8960862,0.675988412,0.669523418
N1=C(CC(C(=O)Nc2cc(c(cc2)OC)OC)O1)c1ccc(cc1)OC,0.425158699,0.9985985,0.583732637,0.669163284
c1(nc2c(s1)cccc2)NC(=O)c1cc(F)ccc1,0.537518577,0.95501125,0.513149669,0.668559831
c1(sc2c(c1Cl)cccc2)C(=O)Nc1cc(c(cc1)OC)OC,0.429248847,0.9779319,0.597224322,0.668135029
N1=C(CC(C(=O)Nc2cc(C(F)(F)F)ccc2)O1)c1ccc(cc1)OC,0.40369285,0.98894495,0.611393884,0.668010561
C(=O)(NC(C(=O)NCCCOCC)c1ccc(cc1)OC)c1c(O)cccc1,0.521280438,0.98704976,0.487902874,0.665411024
c1(nnc(s1)COc1cc(c(cc1)OC)OC)C(=O)Nc1ccc(C(=O)NCc2ccccc2)cc1,0.505100217,0.97374207,0.515633759,0.664825348
c1(nc2c(s1)cc(NC(=O)Cc1ccc(cc1)OC)cc2)NC(=O)c1ccccc1,0.541121895,0.9637968,0.488843697,0.664587462
N(C(=O)Nc1cc(ccc1)C(=O)C)[C@@H](C(=O)N1CCC(CC1)C(=O)Nc1ccc(cc1)OC)Cc1ccccc1,0.471712833,0.95606524,0.563766506,0.663848192
c12nc(cn1cccn2)c1cc(NC(=O)c2cc(cc(c2)OC)OC)ccc1,0.441148424,0.95130044,0.597306104,0.663251657
n1nc(c2cc(NC(=O)NCc3ccc(cc3)OC)ccc2)ccc1N1CCOCC1,0.42543191,0.9846459,0.579382867,0.66315356
N1=C(CC(C(=O)Nc2cc(c(cc2)OC)OC)O1)c1cc(OC)ccc1,0.439785421,0.9937216,0.55381184,0.662439622
n1c(noc1C1CCN(C(=O)c2cc3[nH]ccc3cc2)CC1)c1ccc(NC(=O)C)cc1,0.436780675,0.9115718,0.638506048,0.662286175
c1(nnc(s1)COc1ccccc1)C(=O)Nc1ccc(C(=O)NCc2cc(OC)ccc2)cc1,0.491493735,0.96929616,0.5223617,0.661050531
N1(C(=O)C(NC(=O)c2ccc(cc2)OC)c2ccccc2)c2c(CCC1)cccc2,0.494272542,0.9957218,0.492793919,0.660929426
c1(nnc(s1)COc1ccccc1)C(=O)Nc1cc(C(=O)NCCc2c[nH]c3c2cccc3)ccc1,0.49195341,0.981868,0.508899889,0.660907109
C(=O)(C(NC(=O)CNC(=O)C)c1ccc(cc1)OC)Nc1ccc(cc1)C(C)C,0.524770819,0.9886828,0.468420071,0.660624566
c1(nc2c(s1)cc(NC(=O)COc1ccccc1)cc2)NC(=O)c1ccccc1,0.549387357,0.8462296,0.585738612,0.660451861
c1(sc2c(c1Cl)cccc2)C(=O)Nc1cc(cc(c1)Oc1ccc(F)cc1)Oc1ccc(F)cc1,0.447540477,0.9057014,0.626637715,0.659959863
c1(sc(nn1)C1CC1)C(=O)Nc1cc(C(=O)NCc2cc(OC)ccc2)ccc1,0.444492344,0.97130305,0.563963426,0.659919605
c1(nc2c(s1)cc(cc2)C)c1ccc(NC(=O)C(NC(=O)OCC(C)C)Cc2c[nH]c3c2cccc3)cc1,0.522889493,0.8827646,0.572998228,0.659550766
N1=C(CC(C(=O)Nc2cc(C(F)(F)F)ccc2)O1)c1cc(OC)ccc1,0.42053387,0.9873059,0.56910238,0.65898071
c1(c[nH]c2c1cccc2)CC(C(=O)Nc1ccccc1)NC(=O)OCc1ccccc1,0.497153645,0.8942074,0.585443022,0.658934695
c1(cc(n(n1)Cc1ccccc1)C(=O)Nc1cc(C(F)(F)F)ccc1)[N+](=O)[O-],0.390433719,0.9668102,0.618931995,0.658725313
c1(nc2c(s1)cc(NC(=O)Cc1ccccc1)cc2)NC(=O)c1ccccc1,0.573336133,0.83497214,0.56621132,0.658173199
c1(sc2c(c1Cl)cccc2)C(=O)Nc1cc2NC(=O)COc2cc1,0.451421456,0.98225605,0.539742342,0.657806618
S(=O)(=O)(Nc1cc(c2c3c(ccc2O)cccc3)c(cc1)O)c1ccc(cc1)OCC,0.448344702,0.9969273,0.526171317,0.65714778
c1(sc2c(c1Cl)cccc2)C(=O)Nc1cc(c2nc3c(o2)cccc3)c(cc1)O,0.454488012,0.9944722,0.522350848,0.657103689
c1(nc2c(s1)cc(NC(=O)CCC)cc2)NC(=O)c1ccccc1,0.538760357,0.91338766,0.519080917,0.65707631
C(=O)(N1CCC(C(=O)Nc2cc(cc(c2)F)F)CC1)c1cc(F)ccc1,0.416415882,0.9584617,0.594361823,0.656413136
c1(nc2c(s1)cc(NC(=O)C1CCC1)cc2)NC(=O)c1ccccc1,0.558183685,0.8786635,0.532269099,0.656372088
N1=C(CC(C(=O)Nc2cc(C(=O)C)ccc2)O1)c1ccc(cc1)OC,0.398852847,0.99466115,0.574425605,0.655979868
N1=C(c2c(ccc(c2)OC)OC)CC(C(=O)Nc2cc(c(cc2)OC)OC)O1,0.431950176,0.99409854,0.541650213,0.655899644
c1(nnc(s1)CC(C)C)C(=O)Nc1ccc(C(=O)NCc2cc(OC)ccc2)cc1,0.40304336,0.9837316,0.578770236,0.655181741
n1c2n(c(cc1N1CCN(C(=O)c3ccc(cc3)OCC)CC1)CCC)cnn2,0.417611939,0.90790313,0.638105656,0.654540243
c1(nc2c(s1)cc(cc2)C)NC(=O)C(NC(=O)OCc1ccccc1)Cc1ccccc1,0.536824074,0.76475906,0.660985161,0.654189433
c1(c[nH]c2c1cccc2)CC(=O)Nc1ccc(OCc2ccccc2)cc1,0.573198296,0.810972,0.574157007,0.652775759
c1(nsc2c1cccc2)C(=O)Nc1ccc(C(=O)NCc2cc(OC)ccc2)cc1,0.436434437,0.9971732,0.521811519,0.651806382
N1=C(CC(C(=O)Nc2cc(C(=O)C)ccc2)O1)c1cc(OC)ccc1,0.426707014,0.99485284,0.533440162,0.651666672
c1(nc2c(s1)cc(NC(=O)C(c1ccccc1)CC)cc2)NC(=O)c1ccccc1,0.565268424,0.87356293,0.514115337,0.650982231
C(=O)(c1ccc(NC(=O)COc2ccc(cc2)CCC)cc1)OCCCC,0.448734841,0.93188024,0.572176934,0.65093067
c1(NC(=O)c2csc(n2)c2ccc(OCc3cc(F)ccc3)cc2)ccc(F)cc1,0.526630703,0.90057814,0.524842935,0.650683926
N1=C(CC(C(=O)Nc2ccc(cc2)OC)O1)c1cc(OC)ccc1,0.382290521,0.9812898,0.58763038,0.650403569
N1=C(CC(C(=O)Nc2cc(c(c(c2)OC)OC)OC)O1)c1ccc(cc1)OC,0.362847772,0.9857464,0.601178997,0.649924384
C(=O)(NCc1ccccc1)C(NC(=O)c1cc(on1)c1cccc(c1)OC)c1ccccc1,0.522585473,0.9820447,0.44502552,0.64988523
n1c(sc2c1cc1sc(nc1c2)c1ccc(NC(=O)C)cc1)c1ccc(NC(=O)C)cc1,0.512158759,0.8410115,0.596310078,0.649826787
C(=O)(NCc1ccc(cc1)OC)c1ccc(NC(=O)CC)cc1,0.425178371,0.9756408,0.545527096,0.64878208
n1nc(c2cc(NC(=O)NCc3cc(OC)ccc3)ccc2)ccc1N1CCOCC1,0.415184537,0.97925824,0.549753701,0.648065492
N1=C(CC(C(=O)Nc2cc(O)ccc2)O1)c1cc(OC)ccc1,0.443240366,0.9797555,0.520962579,0.647986155
c1(nnc(s1)COc1cc(c(cc1)OC)OC)C(=O)Nc1ccc(C(=O)NC(c2ccccc2)C)cc1,0.510663259,0.95591104,0.477298027,0.647957442
N1=C(CC(C(=O)Nc2ccc(cc2)OC)O1)c1cc(c(c(c1)OC)OC)OC,0.381101186,0.97837174,0.584364797,0.647945907
c1(nc2c(s1)cc(NC(=O)C1CCCCC1)cc2)NC(=O)c1ccccc1,0.548750352,0.8684093,0.524458898,0.647206175
n1(c2ncc(C(=O)Nc3ccc(cc3)OC)cc2)cnnc1,0.399169442,0.9863724,0.555325179,0.646955677
c1(nc2c(s1)cc(NC(=O)C(Oc1ccccc1)C)cc2)NC(=O)c1ccccc1,0.553768178,0.9041541,0.479418792,0.645780364
N1=C(CC(C(=O)Nc2ccc(C(=O)C)cc2)O1)c1cc(OC)ccc1,0.400718397,0.9952608,0.541325124,0.645768099
N1=C(CC(C(=O)Nc2cc(C(F)(F)F)ccc2)O1)c1c(F)cccc1,0.44598285,0.9447003,0.544034307,0.644905819
N1=C(CC(C(=O)Nc2cc(C(F)(F)F)ccc2)O1)c1cc(c(c(c1)OC)OC)OC,0.364984717,0.98574466,0.582241091,0.644323488
c1cc(C(=O)N2CCC(CC2)C(C(=O)NCCC)NC(=O)c2ccc(cc2)OC)cc(c1)OC,0.423960651,0.93416286,0.574008642,0.644044049
N(C(=O)Cc1cc(c(cc1)OC)OC)C(c1ccccc1)c1ccccc1,0.416291968,0.9860611,0.528574601,0.643642555
c1(nsc2c1cccc2)C(=O)Nc1cc(C(=O)NCc2cc(OC)ccc2)ccc1,0.451061052,0.9965437,0.483134205,0.643579654
N1=C(CC(C(=O)Nc2cc(c(c(c2)OC)OC)OC)O1)c1cc(OC)ccc1,0.378110622,0.9720038,0.580404725,0.643506388
c1(sc(nn1)C1CC1)C(=O)Nc1cc(C(=O)NCc2ccc(cc2)OCCCC)ccc1,0.467361111,0.8296965,0.630773402,0.64261033
c1(c[nH]c2c1cccc2)CC(C(=O)Nc1ccccc1)NC(=O)Oc1ccccc1,0.463683621,0.98568547,0.478390332,0.642586473
c1(nnc(s1)CC)C(=O)Nc1cc(C(=O)NCc2ccc(cc2)OCCC)ccc1,0.421465278,0.97094256,0.53460776,0.642338532
N1=C(c2c(ccc(c2)OC)OC)CC(C(=O)Nc2ccc(cc2)OC)O1,0.383591415,0.98148924,0.561599804,0.64222682
N1=C(CC(C(=O)Nc2cc3c(OCO3)cc2)O1)c1ccc(cc1)OC,0.420456117,0.99064445,0.513739502,0.641613358
N1=C(c2c(ccc(c2)OC)OC)CC(C(=O)Nc2cc(O)ccc2)O1,0.429030582,0.9816705,0.513161714,0.641287598
c1(c[nH]c2c1cccc2)C(CNC(=O)COc1ccccc1)c1ccccc1,0.480513836,0.9890258,0.450356376,0.639965328
C(C(=O)N)(NC(=O)CNC(=O)OCc1ccccc1)CO,0.464468739,0.6824786,0.766825889,0.637924412
c1(nc2c(s1)cc(NC(=O)CCc1nc3c([nH]1)cccc3)cc2)NC(=O)c1ccccc1,0.548950992,0.85417306,0.509378046,0.637500701
S(=O)(=O)(N(CC(=O)Nc1cc(C(=O)C)ccc1)CC)c1ccc(cc1)OC,0.410308191,0.9810316,0.52059871,0.637312833
c1(nc2c(s1)cc(NC(=O)CCCC)cc2)NC(=O)c1ccccc1,0.536063823,0.8168642,0.558248987,0.637059001
c1(cn(c(=O)cc1)CCN1CCOCC1)C(=O)Nc1cc(Cl)ccc1,0.456000054,0.80831397,0.646730831,0.63701495
c1([nH]c2c(c1)cccc2)C(=O)N1CCC(CC1)CCOCc1cc(F)ccc1,0.457570731,0.82696444,0.624332135,0.636289101
c1(nc2c(s1)cccc2)NC(=O)c1cc2[nH]cnc2cc1,0.544383228,0.74459165,0.619177719,0.636050867
C1CN(CCN1C(=O)c1ccc(cc1)CC)CC(c1cc(ccc1)OC)OCc1ccc(cc1)C(=O)OC,0.390028767,0.93038327,0.586312813,0.635574948
c1(c[nH]c2c1cccc2)C(CNC(=O)c1ccc(cc1)OC)c1ccccc1,0.456031727,0.9920494,0.458262863,0.635447995
C(=O)(N1CCC(C(=O)Nc2cc(F)ccc2)CC1)c1cc(F)ccc1,0.425386429,0.95487225,0.526044585,0.635434422
C(C(=O)N1CCC(CC1)C(C(=O)N(CC)CC)NC(=O)c1ccc(cc1)OC)C,0.392725358,0.9677135,0.545372915,0.635270582
N1=C(c2c(ccc(c2)OC)OC)CC(C(=O)Nc2cc(C(=O)C)ccc2)O1,0.413120999,0.9841027,0.507783309,0.635002345
C(=O)(Nc1c(ccc(c1)C)C)C(NC(=O)OCc1ccccc1)Cc1ccc(OCc2ccccc2)cc1,0.551076402,0.89013886,0.463774711,0.634996659
c1(sc2c(c1Cl)cccc2)C(=O)Nc1nn(cc1)Cc1ccc(F)cc1,0.388669331,0.9639293,0.552136853,0.634911827
C(C(=O)N1CCC(CC1)C(C(=O)N(CC)CC)NC(=O)c1cccc(c1)OC)C,0.426464828,0.97768843,0.5,0.634717753
c1(nnc(s1)COC)C(=O)Nc1cc(C(=O)NCc2cc(OC)ccc2)ccc1,0.426935333,0.99064624,0.486036944,0.634539507
c1(C(=O)N2CCC(CC2)C(C(=O)N(CC)CC)NC(=O)c2cccc(c2)OC)ccc(cc1)OC,0.419542439,0.95921403,0.524727895,0.634494789
N1=C(CC(C(=O)Nc2cc3c(OCO3)cc2)O1)c1cc(OC)ccc1,0.426971728,0.98623604,0.488796193,0.634001319
C(=O)(N1CCN(Cc2cc3c(OCO3)cc2)CC1)c1cc2[nH]ncc2cc1,0.392503991,0.94573843,0.561793391,0.633345272
c1(nnc(s1)CNC(=O)c1cc(F)ccc1)C(=O)Nc1ccc(cc1)OC,0.439466511,0.988356,0.47058368,0.632802062
C(=O)(C(NC(=O)Cc1sccc1)c1ccc(cc1)C)Nc1ccc(cc1)OC,0.515573176,0.9577843,0.423331148,0.63222954
c1(nc2c(s1)cc(NC(=O)CC1CCCC1)cc2)NC(=O)c1ccccc1,0.573174201,0.76311105,0.559533418,0.631939558
C(=O)(c1cnc(c2cc(F)ccc2)cc1)Nc1ccc(Oc2ccccc2)cc1,0.485522289,0.98734504,0.422164967,0.631677432
N1=C(c2c(c(OC)ccc2)OC)CC(C(=O)Nc2cc(C(F)(F)F)ccc2)O1,0.37013907,0.96087337,0.561537837,0.630850091
n1c(oc(n1)COc1ccc(NC(=O)C(NC(=O)c2ccccc2)C)cc1)c1ccccc1,0.594040245,0.9077289,0.390263157,0.630677438
c1(C(=O)N2CCC(CC2)C(C(=O)NCCC)NC(=O)c2cccc(c2)OC)ccc(cc1)OC,0.432546839,0.935381,0.522988699,0.630305511
c1(nnc(s1)COc1ccccc1)C(=O)Nc1ccc(C(=O)NCc2ccc(cc2)OCCC)cc1,0.484387447,0.9144062,0.491979572,0.630257733
c1(nnc(s1)CC)C(=O)Nc1cc(C(=O)NCc2ccc(cc2)OC)ccc1,0.411157328,0.9703193,0.508773296,0.630083298
c1(c(c2c([nH]1)ccc(c2)OC)NC(=O)c1ccccc1)C(=O)NCc1cc(c(cc1)OC)OC,0.441349577,0.9699239,0.478230856,0.629834782
n1c([nH]c2c1cc(C(=O)NCc1cc(OC)ccc1)cc2)CCc1ccc(NC(=O)C)cc1,0.408622235,0.9801546,0.5,0.62959227
c1(nnc(s1)COC)C(=O)Nc1ccc(C(=O)NCc2cc(OC)ccc2)cc1,0.384139493,0.9850995,0.519383612,0.629540867
c1(sc2c(c1Cl)cccc2)C(=O)Nc1cc(ccc1)CC,0.439380929,0.88543934,0.563024606,0.629281624
N1=C(CC(C(=O)Nc2ccc(cc2)CC)O1)c1cc(c(cc1)OC)OC,0.324317539,0.9572771,0.605308513,0.628967724
c12nc(cn1cccn2)c1cc(NC(=O)c2cc(cc(c2)C)C)c(cc1)C,0.388218713,0.94249743,0.554320368,0.628345504
c1(cc(no1)c1cc(Cl)ccc1)C(=O)Nc1cc(F)ccc1,0.456464997,0.9612944,0.466721047,0.628160152
c1(c[nH]c2c1cccc2)C(CNC(=O)c1ccc(cc1)OC)c1ccc(cc1)OC,0.471902541,0.99141604,0.421126489,0.628148355
N1=C(CC(C(=O)Nc2cc(C(=O)C)ccc2)O1)c1cc(c(c(c1)OC)OC)OC,0.353892511,0.98438454,0.545390988,0.627889345
[nH]1cc(c2c1cccc2)SCC(=O)Nc1ccc(cc1)OC,0.440473722,0.98028886,0.46123377,0.627332119
n1c2n(c(cc1N1CCN(C(=O)Cc3ccc(cc3)C)CC1)CCC)cnn2,0.367163712,0.94252074,0.571616681,0.627100377
c1(sc2c(c1OC)cc(cc2)Cl)C(=O)Nc1ccccc1,0.497518741,0.93333775,0.45028381,0.627046766
c1([nH]c2c(c1)ccc(c2)OC)C(=O)Nc1ccc(F)cc1,0.41694556,0.8631524,0.599187718,0.626428554
N(C(=O)c1cc(cc(c1)OC)OC)C(c1ccccc1)c1ccccc1,0.470686659,0.9692611,0.439100013,0.62634926
c1([nH]c2c(c1)ccc(c2)OC)C(=O)Nc1ccc(c2[nH]c3c(c2)cc(cc3)F)cc1,0.465479456,0.86634797,0.543855856,0.62522776
N1=C(CC(C(=O)Nc2cc(O)ccc2)O1)c1cc(c(c(c1)OC)OC)OC,0.371165328,0.962914,0.541036971,0.625038763
c12nc(cn1cccn2)c1cc(NC(=O)c2cc(Cl)ccc2)ccc1,0.438896506,0.8662593,0.568251937,0.62446924
c1(nc(sc1)c1ccc(OCc2ccccc2)cc1)C(=O)Nc1cc(C(F)(F)F)ccc1,0.598518909,0.66711307,0.607256891,0.624296288
n1c([nH]c2c1cc(C(=O)NCc1ccc(cc1)CC)cc2)CCc1ccc(NC(=O)CC)cc1,0.382883871,0.9794185,0.510362238,0.624221542
n1(c(=O)n(c2c(c1=O)cc(S(=O)(=O)NC(C(=O)Nc1ccc(cc1)OCC)c1ccccc1)cc2)C)C,0.449099275,0.9402081,0.482387965,0.623898439
c1(C(=O)Nc2cc(C(=O)C)ccc2)oc(cc1)COc1ccc(cc1)OC,0.481124599,0.97578114,0.413839922,0.623581888
c1(sc2c(c1Cl)cccc2)C(=O)Nc1ccc(S(=O)(=O)N2CCCC2)cc1,0.412824563,0.9671308,0.490508349,0.623487898
N1=C(CC(C(=O)Nc2cc3c(OCO3)cc2)O1)c1cc(Br)ccc1,0.414055005,0.9815638,0.474348078,0.623322297
C12(C(=O)Nc3c1cc(cc3)OC)CN(C(=O)Cc1ccc(cc1)OC)CC2,0.339921367,0.9717159,0.558296846,0.62331138
N1=C(CC(C(=O)Nc2ccc(cc2)C)O1)c1cc(c(cc1)OC)OC,0.336490272,0.9391764,0.593940834,0.623202495
c1(C(=O)N2CCN(C(C(=O)NCCc3ccc(cc3)OC)C3CCCC3)CC2)ccc(c(c1)OC)OC,0.383618509,0.95156664,0.533107728,0.622764291
c1(C(=O)N2CCC(CC2)C(C(=O)NCC=C)NC(=O)c2ccccc2)ccc(cc1)OC,0.467151525,0.9270863,0.471883012,0.622040277
O=C(Nc1ccc(cc1)CCCC)c1sc2ccc(cc2c1Cl)OC,0.449028104,0.78224987,0.634729227,0.6220024
N1=C(c2c(ccc(c2)OC)OC)CC(C(=O)Nc2ccc(C(=O)C)cc2)O1,0.392178817,0.9885521,0.482833693,0.621188201
S(=O)(=O)(/N=C(/Nc1cc(c(cc1)OC)OC)\NCc1ccc(OC(C)C)cc1)C,0.381728841,0.9970573,0.484682051,0.62115607
N(C(=O)c1csc(n1)NC(=O)c1cccc(c1)F)Cc1cc(C(F)(F)F)ccc1,0.436235032,0.97864425,0.447721516,0.620866933
n1c2n(c(cc1N1CCN(C(=O)Cc3ccc(cc3)C)CC1)C)cnn2,0.330605695,0.9641369,0.566370325,0.620370973
c1(c[nH]c2c1cccc2)C(CNC(=O)c1ccccc1)c1ccc(cc1)OC,0.46147021,0.97753215,0.421590461,0.620197606
c1(nc2c(s1)cc(cc2)F)NC(=O)c1ccc(cc1)F,0.543477806,0.65344346,0.661327258,0.619416173
n12c(nc(cc2C)Nc2ccc(cc2)C)nn(c1=O)Cc1cc(F)ccc1,0.325822044,0.96989226,0.559425432,0.618379913
c12n(c(=O)cc(n2)c2cc(OC)ccc2)c2c(n1CC(=O)Nc1ccc(C(=O)OC)cc1)cccc2,0.419291498,0.9719097,0.463140744,0.618113981
c1(nc2c(s1)cc(NC(=O)c1ncccc1)cc2)NC(=O)c1ccccc1,0.595938136,0.72112805,0.537133186,0.618066456
c1(nc2c(s1)cc(cc2)C)NC(=O)c1cc(OC)ccc1,0.478770456,0.89448076,0.480782597,0.618011272
c1(sc2c(c1Cl)cccc2)C(=O)Oc1ccc(NC(=O)C)cc1,0.434461524,0.8546542,0.563996579,0.617704099
c1(cc(no1)c1cc(c(cc1)OC)OC)C(=O)Nc1cc(c(cc1)OC)OC,0.354654295,0.9449006,0.552617971,0.617390946
c1(N2CCOCC2)ncc(CNC(=O)c2ccc(cc2)OC)cc1,0.394248602,0.9733201,0.483425616,0.616998115
c1(nnc(s1)COc1ccccc1)C(=O)Nc1ccc(C(=O)NCc2ccc(cc2)OCCCC)cc1,0.492304113,0.8095415,0.548945738,0.616930458
c1(nc2c(n1C)ccc(C(=O)NC(C)C)c2)CN(C(=O)Nc1ccc(cc1)OC)C,0.431385479,0.9270771,0.491728872,0.616730489
n1c([nH]c2c1cc(C(=O)NCc1ccc(OC(C)C)cc1)cc2)Cc1ccc(NC(=O)CC)cc1,0.412656897,0.87282586,0.563899116,0.616460625
c1(nnc(s1)C)C(=O)Nc1cc(C(=O)NCc2ccc(cc2)OC)ccc1,0.429253235,0.94938207,0.469945256,0.616193519
S(=O)(=O)(/N=C(/Nc1ccc(cc1)OC)\NCc1cc(F)ccc1)C,0.415129377,0.9695301,0.462448817,0.615702767
c1(c[nH]c2c1cccc2)C(CNC(=O)c1cc(OC)ccc1)c1ccc(cc1)OC,0.47041851,0.9758168,0.398290011,0.614841769
c1cc(C(=O)N2CCC(CC2)C(C(=O)N(CC)CC)NC(=O)c2cccc(c2)OC)cc(c1)OC,0.416447341,0.95319396,0.474792658,0.61481132
c1(nnc(s1)COC)C(=O)Nc1cc(C(=O)NCc2ccc(cc2)OCCCC)ccc1,0.446736111,0.88193077,0.513139705,0.613935528
C(=O)(C(NC(=O)c1ccc(cc1)OC)C1CCN(C(=O)c2ccccc2)CC1)N(CC)CC,0.409733559,0.94746107,0.484556579,0.613917069
c1(C(=O)N2CCC(CC2)C(C(=O)N(CC)CC)NC(=O)c2ccc(cc2)OC)ccc(cc1)OC,0.398688916,0.9304338,0.512468245,0.613863657
N1=C(c2c(c(OC)ccc2)OC)CC(C(=O)Nc2cc3c(OCO3)cc2)O1,0.382888607,0.9851066,0.47300756,0.613667585
C(=O)(N1CCC(C(=O)Nc2ccc(cc2)OC)CC1)c1cc(F)ccc1,0.413640289,0.8992257,0.527199506,0.613355169
C(=O)(N1CCC(CC1)CCOCc1cc(F)ccc1)c1cc(OC)ccc1,0.39640924,0.87181616,0.57145314,0.613226179
c1(c2c([nH]c1)ccc(c2)OC)C(c1cc(C(F)(F)F)ccc1)CC(=O)NCc1ccccc1,0.421764928,0.96457136,0.452825116,0.6130538
c1(noc(c1)c1cc(c(cc1)OC)OC)C(=O)Nc1cc(C(=O)C)ccc1,0.389247134,0.97354794,0.475924656,0.612906575
N1=C(CC(C(=O)Nc2ccc(C(=O)C)cc2)O1)c1cc(c(c(c1)OC)OC)OC,0.330621079,0.9867012,0.521356416,0.612892895
n1c(C(=O)Nc2cc(C(=O)C)ccc2)cccc1C(=O)OC,0.381508378,0.94029343,0.516720896,0.612840902
n1(c(nc2c(c1=O)cccc2)SCC(=O)Nc1[nH]cnn1)c1cc(ccc1OC)OC,0.398996649,0.91556,0.523611923,0.612722859
C(c1cc(NC(=O)c2cnc(N3CCOCC3)cc2)ccc1)(F)(F)F,0.427293173,0.8253158,0.584955887,0.612521611
S(=O)(=O)(N(CC(=O)Nc1ccc(C(=O)OC)cc1)CCc1ccccc1)c1ccc(cc1)OC,0.410342251,0.9492407,0.476793617,0.612125518
N1=C(c2c(c(OC)ccc2)OC)CC(C(=O)Nc2cc(C(=O)C)ccc2)O1,0.362457386,0.9512135,0.522584815,0.612085227
c1(c[nH]c2c1cccc2)C(CNC(=O)c1cc(OC)ccc1)c1ccccc1,0.450115995,0.9748155,0.410843979,0.611925154
N1(C(=O)C(NC(=O)Nc2c(Cl)cccc2)c2ccccc2)c2c(CC1)cccc2,0.442459036,0.9671911,0.425822893,0.611824343
c1cc(C(=O)N2CCC(CC2)C(C(=O)NCCC)NC(=O)c2cccc(c2)OC)cc(c1)OC,0.435709753,0.9227056,0.476512837,0.611642727
c12nc(cn1cccn2)c1cc(NC(=O)c2cc(c(cc2)OC)OC)ccc1,0.394945172,0.87960297,0.559709486,0.611419209
c1(c2c(ccc1OC)cccc2)CN1CCN(C(=O)c2cc(OC)ccc2)CC1,0.351876467,0.9355,0.54575171,0.611042734
c1(cc(no1)c1c(O)cccc1)C(=O)Nc1cc(c(c(c1)OC)OC)OC,0.356472084,0.8781562,0.598116992,0.610915087
S(=O)(=O)(/N=C(/Nc1ccc(cc1)OC)\NCc1ccc(OC(C)C)cc1)C,0.406275449,0.9606435,0.465281466,0.610733462
n1(ncc2c1cc(C(=O)NCc1ccc(OC(C)C)cc1)cc2)Cc1cc(Cl)ccc1,0.39345492,0.93732524,0.5,0.610260053
N(C(=O)c1cc(OC)ccc1)C(c1ccccc1)c1ccccc1,0.487820974,0.95655113,0.384650954,0.609674355
C(=O)(N1CCC(C(=O)Nc2cc(F)ccc2)CC1)c1ccc(cc1)OC,0.378114384,0.94327855,0.505813247,0.609068727
c1(nc2c(s1)cc(NC(=O)Cc1ccccc1)cc2)NC(=O)Cc1ccccc1,0.50740179,0.79456997,0.525083722,0.609018494
c1(nc2c(n1C)ccc(C(=O)N(C)C)c2)CN(C(=O)Nc1ccc(cc1)OC)C,0.394767668,0.93986255,0.491841958,0.608824058
N1=C(CC(=Nc2c1cccc2)SCC(=O)Nc1cc(C(=O)C)ccc1)c1ccc(cc1)OC,0.435131735,0.9678776,0.419884519,0.607631294
C(=O)(C1Cc2c(OC1)ccc(c2)OC)Nc1cc(C(=O)C)ccc1,0.356821429,0.93978876,0.52622518,0.607611789
c1([nH]c2c(c1)cccc2)C(=O)NCC(=O)NCCc1c[nH]c2c1cccc2,0.470569129,0.7933263,0.55876237,0.607552606
c1(sc2c(c1Cl)cccc2)C(=O)Nc1cc(c2nc3c(o2)cc(cc3)C)ccc1C,0.433653232,0.9205643,0.468326259,0.607514595
N1=C(CC(C(=O)Nc2cc(O)ccc2)O1)c1c(F)cccc1,0.443543712,0.8998805,0.479087173,0.607503804
S(=O)(=O)(N(CC(=O)N1CCNCC1)CC(C)C)c1ccc(cc1)OC,0.412332756,0.9603651,0.449795096,0.607497656
c12nc(cn1cccn2)c1cc(NC(=O)c2ccc(cc2)OCCCC)ccc1,0.4027937,0.7675294,0.650133001,0.60681871
c12n(c(=O)cc(n2)c2ccc(cc2)OC)c2c(n1CC(=O)Nc1ccc(C(=O)OC)cc1)cccc2,0.404573207,0.97139335,0.442620331,0.606195628
C(=O)(Nc1ccc(F)cc1)C(NC(=O)C1CC(=NO1)c1cc(F)ccc1)Cc1ccccc1,0.458051794,0.89091367,0.469614915,0.606193458
c1([nH]c2c(c1)cccc2)C(=O)Nc1ccc(c2[nH]c3c(c2)cccc3)cc1,0.456404507,0.7843165,0.577132125,0.605951038
c1(sc2c(c1Cl)cccc2)C(=O)Nc1ccc(cc1)OCC,0.467055297,0.8427474,0.507055234,0.605619307
n1c2n(c(cc1N1CCN(C(=O)c3cc(OC)ccc3)CC1)CCC)cnn2,0.370226738,0.83175427,0.614010129,0.605330378
c1(c[nH]c2c1cccc2)CC(C(=O)Nc1ccc(cc1)OC)NC(=O)C,0.458209537,0.9412489,0.416256398,0.605238276
N1=C(c2c(c(OC)ccc2)OC)CC(C(=O)Nc2cc(O)ccc2)O1,0.362859944,0.931683,0.520505209,0.605016052
c1(cc(no1)c1cc(c(cc1)OC)OC)C(=O)Nc1cc2c(OCO2)cc1,0.391778709,0.9426321,0.479146065,0.604518951
N1(C(=O)c2cc(NC(=O)c3cc(F)ccc3)ccc2)C(C(=O)NCCOC)CCC1,0.481753669,0.93007565,0.400755104,0.604194806
N1=C(CC(C(=O)Nc2cc(C(F)(F)F)ccc2)O1)c1ccc(cc1)F,0.372737355,0.94658726,0.493068013,0.604130878
c1(sc(nn1)C(=O)NCc1cc(OC)ccc1)C(=O)Nc1ccc(cc1)OC,0.414547233,0.85353744,0.541690356,0.603258343
CC(=O)N1CCC(CC1)C(C(=O)N(CC)CC)NC(=O)c1cccc(c1)OC,0.422575826,0.9576149,0.428880492,0.603023739
c1(nnc(s1)COC)C(=O)Nc1cc(C(=O)NCc2cc(Br)ccc2)ccc1,0.385090375,0.97940856,0.444513658,0.603004199
S(=O)(=O)(N(CC(=O)NCc1ccc(cc1)OC)Cc1ccccc1)c1cc(c(cc1)OC)OC,0.418363172,0.91481715,0.475459297,0.602879874
N1=C(CC(C(=O)Nc2c(C(F)(F)F)cccc2)O1)c1cc(c(cc1)OC)OC,0.342956149,0.95584136,0.509607897,0.602801803
c1(nnc(s1)C)C(=O)Nc1cc(C(=O)NCc2cc(OC)ccc2)ccc1,0.434758123,0.925305,0.448062838,0.602708657
N1=C(CC(C(=O)Nc2ccc(cc2)CC)O1)c1cc(OC)ccc1,0.358648812,0.91692483,0.532244162,0.602605936
CC(=O)N1CCC(CC1)C(C(=O)N(CC)CC)NC(=O)c1ccc(cc1)OC,0.397815707,0.9392234,0.470224992,0.602421369
C(c1cc(NC(=O)C(=O)NCCc2c[nH]c3c2cccc3)ccc1)(F)(F)F,0.383055234,0.9797748,0.44383883,0.602222946
c1(nc2c(n1C)ccc(C(=O)NC(C)C)c2)CN(C(=O)Nc1cc(OC)ccc1)C,0.414485194,0.93611974,0.454957312,0.601854081
N1=C(CC(C(=O)Nc2ccc(cc2)C)O1)c1cc(OC)ccc1,0.366053508,0.9055123,0.533531717,0.601699166
n1[nH]c2c(c1)ccc(C(=O)NCc1ccc(cc1)OCC)c2,0.393364632,0.88556206,0.524392027,0.60110624
c12nc(cn1cccn2)c1cc(NC(=O)c2cc(c(c(c2)OCC)OCC)OCC)ccc1,0.40103091,0.8044495,0.597249044,0.600909818
N1=C(CC(C(=O)NC(C)(C)C)O1)c1cc(c(cc1)OC)OC,0.31861855,0.9749683,0.508952961,0.600846608
c1(nc2c(s1)cc(NS(=O)(=O)Cc1ccccc1)cc2)NC(=O)c1ccccc1,0.488508225,0.7612554,0.552763434,0.600842348
S(=O)(=O)(/N=C(/Nc1ccc(cc1)OC)\NCc1cc(OC)ccc1)C,0.408974388,0.8932188,0.5,0.600731068
C1(=C(OCCS1)C)C(=O)Nc1cc(C(=O)NCc2ccc(cc2)OC)ccc1,0.404201365,0.9751931,0.422409833,0.600601427
c12n(c(=O)n(n2)CC(=O)Nc2cc(F)ccc2)ccc(n1)Nc1ccc(F)cc1,0.390781401,0.9733052,0.435677333,0.59992132
C1(=C(C(=O)C1=O)N1CCOCC1)NCc1ccc(C(=O)NCc2cc(OC)ccc2)cc1,0.341001239,0.94917667,0.508245936,0.599474615
c1(nc2c(s1)cc(cc2)C)c1ccc(NC(=O)C)cc1,0.467202203,0.7416767,0.589193216,0.599357369
c1(c2c([nH]c1)ccc(c2)OC)C(c1cc(C(F)(F)F)ccc1)CC(=O)NCCN1CCOCC1,0.409649606,0.87525815,0.511809827,0.59890586
S(=O)(=O)(/N=C(/Nc1cc(c(cc1)OC)OC)\NCc1cc(OC)ccc1)C,0.390277859,0.9472476,0.459087003,0.598870829
c1(C(=O)Nc2cc(F)ccc2)oc(cc1)CNC(=O)c1ccc(cc1)OC,0.401706579,0.99368,0.398819476,0.598068685
c1(C(=O)N2CCC(CC2)C(C(=O)N2CCCCC2)NC(=O)c2ccc(cc2)OC)cc(F)ccc1,0.425559773,0.9652775,0.401924867,0.597587378
n1(nc(cc1c1ccc(cc1)OC)C(=O)Nc1cc(C(=O)C)ccc1)C1CS(=O)(=O)CC1,0.373509369,0.90431434,0.514769226,0.597530978
c1(nc2c(s1)cc(S(=O)(=O)C)cc2)NC(=O)c1ccc(cc1)C,0.501677129,0.64916897,0.641393035,0.597413044
C(=O)(N1c2c(CCCC1)cccc2)Nc1ccc(C(=O)NCc2cc(c(cc2)OC)OC)cc1,0.360657315,0.9853484,0.446162755,0.597389491
c12nc(cn1cccn2)c1cc(NC(=O)c2cc([N+](=O)[O-])ccc2)ccc1,0.382602796,0.8549226,0.553971627,0.597165672
c1(nc2c(s1)cc(NC(=O)CCc1ccccc1)cc2)SCC(=O)NC(c1ccccc1)c1ccccc1,0.484741642,0.7123781,0.593668232,0.59692932
c1(c([nH]c2c1cccc2)c1ccc(cc1)Cl)NC(=O)Nc1cc(c(cc1)OC)OC,0.392014979,0.9737507,0.423513131,0.596426273
c1(c(nc(s1)Nc1ccccc1)C(=O)N)NC(=O)c1cc(nc2c1cccc2)c1occc1,0.450320733,0.8292778,0.509555647,0.596384731
c1(c(NC(=O)c2cc(F)ccc2)c2c(o1)cccc2)C(=O)Nc1ccc(cc1)OC,0.457505277,0.9954268,0.334218816,0.595716956
N1=C(CC(C(=O)Nc2ccc(C(=O)C)cc2)O1)c1ccc(cc1)OC,0.372253476,0.91466135,0.5,0.595638274
C(=O)(C1(c2ccc(cc2)OC)CCOCC1)Nc1ccc(C(=O)NCc2ccccc2)cc1,0.391699966,0.9078976,0.487105274,0.595567611
n12c(nc(n2)CN2CCN(c3cc(ccc3C)Cl)CC2)nc(cc1N1CCOCC1)C,0.332645293,0.9721077,0.48185538,0.595536127
C12(C(=O)Nc3c1cc(cc3)OC)CN(C(=O)c1ccc(cc1)OC)CC2,0.312826564,0.9732891,0.5,0.595371879
S(=O)(=O)(N1CCN(Cc2nc3c(n2C)ccc(S(=O)(=O)N(CC)CC)c3)CC1)N(C)C,0.413404135,0.7488767,0.623317669,0.595199498
c1(N2CCOCC2)ncc(CNC(=O)c2cc(Cl)ccc2)cc1,0.37125124,0.9428843,0.471216493,0.595117353
N(C(=O)c1csc(n1)NC(=O)c1cccc(c1)F)CC1CC1,0.443682971,0.95474964,0.386589925,0.595007513
n1c(oc2c1ccc(C(=O)N1CCC(C(C(=O)NCc3ccc(cc3)OC)C)CC1)c2)c1ccccc1,0.399942455,0.9305646,0.454397521,0.594968186
N(C(=O)NC(C)C)c1ccc(N(C)C)c(CN(C(=O)c2ccc(cc2)OC)C(c2ccccc2)C)c1,0.41166166,0.9873483,0.384109062,0.594373013
c1(nnc(s1)CNC(=O)c1cc(OC)ccc1)C(=O)Nc1cc(F)ccc1,0.406076616,0.99220157,0.38395002,0.594076067
c1(nc2c(s1)cc(cc2)C)NC(=O)c1cc(c(cc1)C)C,0.506476166,0.81390613,0.461329041,0.59390378
c1(sc2c(c1Cl)cccc2)C(=O)Nc1cc(OC)ccc1,0.461154146,0.71298236,0.607008455,0.593714986
c1(c[nH]c2c1cccc2)CC(C(=O)NC1CCCCC1)NC(=O)OCc1ccccc1,0.484844692,0.795656,0.5,0.593500239
c1(nc2c(s1)cc(NC(=O)CC1CCCCC1)cc2)NC(=O)c1ccccc1,0.567907535,0.6939878,0.518216485,0.593370602
C(=O)(c1ccc(NC(=O)COc2ccc(cc2)OC)cc1)OCCCC,0.420125286,0.90596443,0.453202245,0.593097322
n1c(nnn1CC)NCc1c2c(ccc1OCc1ccc(cc1)C)cccc2,0.378423049,0.8008819,0.59932734,0.592877437
c1(sc(nn1)Cc1ccc(cc1)OC)NC(=O)c1ccc(NC(=O)C)cc1,0.391105656,0.95057213,0.436455731,0.592711174
C(=O)(c1cnc(c2cc(F)ccc2)cc1)Nc1ccc(cc1)OC,0.387004063,0.9819952,0.408247101,0.592415463
c1(nc(NC(=O)c2cc(F)ccc2)sc1)C(=O)N(CC=C)CC=C,0.426581732,0.93155414,0.417372654,0.591836175
c1(nc2c([nH]1)cccc2)NC(=O)C(NC(=O)CCc1ccc(cc1)OC)CCC,0.422052704,0.97218084,0.380965722,0.59173309
C(=O)(NC1CCN(Cc2ccccc2)CC1)c1ccc(Nc2ncc(c3cc(F)ccc3)cn2)cc1,0.431156826,0.95248955,0.391356136,0.591667506
c1(c(ccc(c1)CCNC(=O)CC(c1c[nH]c2c1cccc2)c1cc(OC)ccc1)OC)OC,0.403228766,0.9946424,0.377070286,0.591647143
c1(c([nH]c2c1cccc2)c1ccc(cc1)CC)NC(=O)Nc1cc(c(cc1)OC)OC,0.357763227,0.9750404,0.442081804,0.591628469
n12c(nc(n2)CN2CCN(c3cc(Cl)ccc3)CC2)nc(cc1N1CCOCC1)C,0.338965088,0.9440452,0.491055552,0.591355275
c1(c(NC(=O)c2ccc(cc2)OC)c2c(o1)cccc2)C(=O)Nc1cc(F)ccc1,0.438287647,0.99403197,0.34168488,0.591334831
c12nc(cn1cccn2)c1cc(NC(=O)c2cc(F)ccc2)c(cc1)C,0.429328779,0.9086144,0.435914712,0.591285963
c1(sc2c(c1Cl)cccc2)C(=O)Nc1ccc(c2nc3c(o2)ccc(c3)CC)cc1,0.384798609,0.93958384,0.449080274,0.59115424
S(=O)(=O)(N(CC(=O)Nc1cc(C(=O)C)ccc1)CCc1ccccc1)c1ccc(cc1)OC,0.407345792,0.9442238,0.421615831,0.591061815
c1(nc2c([nH]1)cccc2)NC(=O)C(NC(=O)c1cc(cc(c1)OC)OC)CCC,0.472605919,0.96700066,0.332848401,0.590818328
c1(C(=O)C(=O)NC(c2ccccc2)c2ccccc2)c[nH]c2c1cccc2,0.473896944,0.93632954,0.361829779,0.590685422
c1(nnc(s1)CC)C(=O)Nc1ccc(C(=O)NCc2ccc(cc2)OCCC)cc1,0.3865512,0.8853758,0.5,0.590642332
c1(c2c([nH]c1)ccc(c2)OC)C(CC(=O)NCc1ccccc1)c1ccc(C(C)(C)C)cc1,0.429360335,0.95749193,0.384793821,0.590548697
n1(c(nc2c(c1=O)ccc(C(=O)OC)c2)N1CCOCC1)Cc1ccc(cc1)OC,0.39928805,0.93369406,0.438611494,0.590531203
c1(C(=O)Oc2ccccc2)c(cc(NC(=O)c2occc2)cc1)O,0.402746552,0.9054012,0.463317451,0.590488391
N1=C(CC(C(=O)Nc2cc(c(c(c2)OC)OC)OC)O1)c1c(F)cccc1,0.331669508,0.95564914,0.483316069,0.590211572
n1c(oc2c1ccc(C(=O)N1CCC(CC(=O)NCc3cc(F)ccc3)CC1)c2)c1ccccc1,0.383340768,0.9411699,0.446000108,0.590170265
n1c2n(c(cc1N1CCN(C(=O)c3ccc(cc3)OC)CC1)CCC)cnn2,0.3921691,0.73492944,0.64310352,0.590067354
n12c(nnc1ccc(c2)Cl)N1CCC(NC(=O)c2cc(F)ccc2)CC1,0.395518918,0.93421,0.439292291,0.589673737
[nH]1c(C(=O)Nc2nccs2)cc2c1c1ncccc1cc2,0.381404362,0.9458554,0.441685115,0.589648286
c1(c2c([nH]c1)ccc(c2)OC)C(c1cc(C(F)(F)F)c(cc1)Cl)CC(=O)Nc1ccccc1,0.424362066,0.96781766,0.376729922,0.589636551
S(=O)(=O)(N(CC(=O)Nc1ccc(C(=O)OC)cc1)Cc1ccccc1)c1ccc(cc1)OC,0.411581678,0.8957633,0.461388067,0.589577674
c1(nn(cc1)CC)C(=O)Nc1cc(OCc2oc(nn2)c2ccccc2)ccc1,0.497087289,0.8317604,0.439839254,0.589562317
c12[nH]ccc1ccc(c2)CCC(=O)NCc1ccccc1,0.412500404,0.8557644,0.5,0.589421598
c1(=O)[nH]c2c([nH]1)ccc(c2)NCc1cc(OCc2ccccc2)ccc1,0.477003156,0.8111862,0.479678368,0.589289239
c1(nn(cc1)CC)C(=O)Nc1ccc(OCc2oc(nn2)c2ccccc2)cc1,0.47888225,0.8831279,0.405651591,0.58922059
c1(nc2c(s1)cccc2)c1c(ccc(NC(=O)c2occc2)c1)O,0.439278917,0.78762025,0.539901797,0.588933654
n1c2n(c(cc1N1CCN(C(=O)c3ccc(cc3)OCC)CC1)CC)cnn2,0.367433396,0.86927474,0.529957008,0.58888838
C(c1cc(NC(=O)c2csc(n2)c2ccc(OCc3cccc(c3)OC)cc2)ccc1)(F)(F)F,0.524977242,0.73358667,0.507667532,0.588743814
O=C(NC(c1ccccc1)Cc1ccc(cc1)C)c1c(c2ccccc2s1)Cl,0.442916219,0.75563335,0.567634928,0.588728167
n1c(nnn1C)NCc1c2c(ccc1OCc1ccc(cc1)C)cccc2,0.320697628,0.85725904,0.588202625,0.588719763
C12(C(=O)Nc3c1cc(cc3)OC)CN(C(=O)c1cc(c(cc1)OC)OC)CC2,0.350798988,0.9380989,0.476926628,0.588608174
c1(c([nH]c2c1cccc2)c1ccc(cc1)Cl)NC(=O)Nc1cc(c(c(c1)OC)OC)OC,0.374691542,0.92810786,0.462439258,0.588412886
c1(C(=O)N2CCC(CC2)C(C(=O)NCCC)NC(=O)c2cccc(c2)OC)ccccc1,0.465591882,0.9115397,0.387881792,0.588337782
n1c(nnn1CCC)NCc1c2c(ccc1OCc1ccc(cc1)C)cccc2,0.381187773,0.7711124,0.612683219,0.588327792
c1(noc(c1)c1cc(c(cc1)OC)OC)C(=O)Nc1ccc(C(=O)C)cc1,0.346561429,0.9512147,0.46661822,0.58813144
c1(C(=O)N2CCC(CC2)C(C(=O)N(CC)CC)NC(=O)c2cccc(c2)OC)ccccc1,0.42574523,0.95260733,0.385808214,0.588053593
c1([nH]c2c(c1)cc(cc2)Cl)c1ccc(NC(=O)CC)cc1,0.403506721,0.9265674,0.433828372,0.587967489
c1(C(=O)Nc2cc(C(=O)C)ccc2)cc(nc2c1cccc2)c1cc(c(cc1)OC)OC,0.405761747,0.8991262,0.458646946,0.587844955
C1CN(CCN1C(=O)c1ccc(cc1)C)CC(c1cc(ccc1)OC)OCc1ccc(cc1)C,0.372412828,0.7751752,0.615883897,0.587823979
n1(c(nc2c(c1=O)ccc(C(=O)OC)c2)N1CCOCC1)Cc1cc(OC)ccc1,0.384483028,0.9271991,0.45025857,0.587313574
n1c2n(c(cc1N1CCN(C(=O)c3cc(NC(=O)C)ccc3)CC1)C)cnn2,0.339497806,0.84812677,0.574006939,0.587210505
N1=C(CC(=Nc2c1cccc2)SCC(=O)Nc1ccc(C(=O)C)cc1)c1ccc(cc1)OC,0.434346196,0.94422454,0.38294591,0.587172214
c1(c2c([nH]c1)ccc(c2)OC)C(c1cc(C(F)(F)F)c(cc1)Cl)CC(=O)NCc1ccccc1,0.44417266,0.94139534,0.375780355,0.587116119
N1=C(CC(C(=O)Nc2cnccc2)O1)c1cc(c(cc1)OC)OC,0.368298717,0.96202403,0.429079459,0.586467403
C(C(=O)N1CCC(CC1)C(C(=O)NCCC)NC(=O)c1ccc(cc1)OC)Cc1ccccc1,0.430137858,0.86888474,0.460294473,0.586439025
c1(nc2c(s1)cc(NC(=O)CCC)cc2)SCc1ccc(cc1)C,0.41719335,0.8066129,0.535463759,0.586423339
S1(=O)(=O)N(C(=CC(=N1)c1cc(c(cc1)OC)OC)C(=O)Nc1cc(C(=O)C)ccc1)C,0.313601636,0.9713608,0.473755905,0.586239448
n12c(nnc1ccc(c2)Cl)N1CCN(C(=O)Cc2cc(C(F)(F)F)ccc2)CC1,0.404792262,0.8401085,0.512406176,0.585768984
C(=O)(N1c2c(CCCC1)cccc2)Nc1cc(C(=O)NCc2cc(c(cc2)OC)OC)ccc1,0.389332127,0.96520156,0.401665553,0.585399746
c1(N2CCOCC2)ncc(CNC(=O)c2cc(c(cc2)OC)OC)cc1,0.369270495,0.9568276,0.429916206,0.585338094
N1=C(CC(C(=O)Nc2cc3c(OCO3)cc2)O1)c1ccc(cc1)F,0.362607706,0.97986746,0.412364312,0.584946492
C1(=C(OCCS1)C)C(=O)Nc1ccc(C(=O)NCc2cc(OC)ccc2)cc1,0.370527134,0.95453346,0.429374862,0.584811818
n12c(nnc2ccc(c1)C(=O)Nc1ccc(cc1)OC)SCC(=O)Nc1ccc(C(=O)C)cc1,0.368976505,0.85278887,0.530385417,0.584050263
S(=O)(=O)(CCC(C(=O)Nc1ccc(Oc2ccccc2)cc1)NC(=O)C)C,0.447785701,0.94226325,0.362092717,0.584047221
N1=C(CC(C(=O)Nc2cc3c(OCO3)cc2)O1)c1c(F)cccc1,0.421553556,0.91175985,0.418732955,0.584015455
S(=O)(=O)(/N=C(\Nc1cc(c(cc1)OC)OC)/Nc1ccc(cc1)OC)C,0.379580682,0.91874504,0.453014904,0.583780209
c12n(c(=O)n(n2)CC(=O)Nc2cc(cc(c2)F)F)ccc(n1)N1CCOCC1,0.289752741,0.9457102,0.514734618,0.583399181
C(=O)(N1CCC(C(=O)Nc2cc(c(c(c2)OC)OC)OC)CC1)c1cc(F)ccc1,0.35898773,0.85168046,0.539118408,0.583262199
c1cc(C(=O)N2CCC(CC2)C(C(=O)N(CC)CC)NC(=O)c2ccc(cc2)C)cc(c1)OC,0.385633387,0.8712975,0.491842828,0.582924565
c1(CNC(=O)CC(c2c[nH]c3c2cccc3)c2cc(OC)ccc2)ccccc1,0.403089118,0.97370493,0.370188287,0.582327446
c1(c(c2c([nH]1)ccc(c2)OC)NC(=O)c1ccccc1)C(=O)NCc1ccc(cc1)OCC,0.431567797,0.88935435,0.425440042,0.582120729
c1(ncc(c2cc(F)ccc2)cn1)Nc1ccc(C(=O)NCc2cc(c(cc2)OCC)OCC)cc1,0.434480779,0.9733675,0.337332649,0.58172698
c12nc(cn1ccc(n2)C)c1ccc(NC(=O)c2cc(F)ccc2)cc1,0.414578993,0.8815406,0.447980801,0.581366797
N1=C(CC(C(=O)Nc2cc(c(cc2)OC)OC)O1)c1cc(Br)ccc1,0.379277852,0.8825949,0.48212266,0.581331798
N1=C(CC(C(=O)Nc2cc(C(F)(F)F)ccc2)O1)c1c(OC)cccc1,0.367359659,0.92585826,0.450093948,0.581103955
n1(nc(c2c1cccc2)CNC(=O)c1cc(OC)ccc1)Cc1ccccc1,0.343945054,0.9245642,0.473737399,0.580748879
C1(=CSCCO1)C(=O)Nc1cc(C(=O)NCc2ccc(cc2)OCCCC)ccc1,0.466515957,0.69059545,0.585069639,0.580727015
N(C(=O)c1ccccc1)(C(C)C)CC(=O)Nc1n(cc(n1)c1ccc(cc1)OC)c1cc(c(cc1)OC)OC,0.355064429,0.98453194,0.401345929,0.580314099
n1c2n(c(cc1N1CCN(C(=O)Cc3ccc(cc3)OC)CC1)CCC)cnn2,0.382110521,0.7397544,0.619059679,0.580308193
S(=O)(=O)(N(Cc1ccc(C(=O)N[O-])cc1)Cc1ccc(cc1)OC)c1cc(C(F)(F)F)ccc1,0.383161177,0.71981823,0.637896727,0.580292046
c1(sc2c(c1Cl)cccc2)C(=O)Nc1cc(ccc1OC)OC,0.420272522,0.86350274,0.457038177,0.580271147
C12(C(=O)Nc3c1cc(cc3)OC)CN(C(=O)CCc1ccc(cc1)OC)CC2,0.306104052,0.94425726,0.488825973,0.579729095
C(C(=O)N1CCC(CC1)C(C(=O)NCC=C)NC(=O)c1ccc(cc1)OC)Cc1ccccc1,0.44636945,0.8600806,0.432573373,0.579674474
c12nc(cn1cccn2)c1cc(NC(=O)c2ccc(cc2)OC)ccc1,0.405124922,0.72538394,0.607750504,0.579419788
n12c(nnc2ccc(c1)C(F)(F)F)N1CCC(NC(=O)c2cc(F)ccc2)CC1,0.41632319,0.88314116,0.438068429,0.579177593
C(=O)(c1cc(NC(=O)COc2ccc(cc2)OC)ccc1)OCCCC,0.416884145,0.84547156,0.475144183,0.579166629
c1(nc2c(n1C)ccc(C(=O)N(C)C)c2)CN(C(=O)Nc1cc(OC)ccc1)C,0.373911308,0.91309506,0.449805921,0.578937429
n1(nc(nc1c1ccc(cc1)OC)C(=O)Nc1cc(C(=O)C)ccc1)c1c(Cl)cccc1,0.436966274,0.892334,0.407376844,0.578892367
c1(NC(=O)c2csc(n2)c2ccc(OCc3cccc(c3)C(F)(F)F)cc2)ccc(cc1)OC,0.490773149,0.73934776,0.505497564,0.57853949
C(=O)(c1cnc(c2cc(F)ccc2)cc1)Nc1cc(Cl)ccc1,0.425138286,0.9637242,0.346504358,0.578455613
c1(C(=O)N2CCC(CC2)C(C(=O)N2CCCC2)NC(=O)c2cccc(c2)OC)cc(F)ccc1,0.450484682,0.9664366,0.318326013,0.578415773
c1(nnc(s1)COC)C(=O)Nc1cc(C(=O)NCc2ccc(N(C)C)cc2)ccc1,0.376876613,0.95302415,0.405098854,0.578333205
N1=C(CC(C(=O)Nc2c(C(=O)OC)cccc2)O1)c1cc(c(cc1)OC)OC,0.336952541,0.9159855,0.481308148,0.578082071
c1(=O)[nH]c2c([nH]1)ccc(c2)NCc1ccc(OCc2ccccc2)cc1,0.465270908,0.82677,0.441918345,0.57798642
c1(nnc(s1)C)C(=O)Nc1ccc(C(=O)NCc2cc(OC)ccc2)cc1,0.401086558,0.85780805,0.474928555,0.577941056
c1(C(=O)N2CCC(CC2)C(C(=O)NCC=C)NC(=O)c2cccc(c2)OC)ccc(cc1)C,0.438814896,0.85661,0.438143879,0.577856259
n12c(ncn2)nc(cc1Sc1ccc(NC(=O)c2cc(F)ccc2)cc1)CCC,0.478095745,0.96397346,0.291314233,0.57779448
C(=O)(Oc1cc2c(cc(OC(=O)c3ccccc3)cc2)cc1)c1ccccc1,0.42047441,0.68142086,0.631430771,0.577775348
S1(=O)(=O)N(C(=CC(=N1)c1ccc(cc1)OC)C(=O)Nc1cc(C(=O)C)ccc1)C,0.314353599,0.9496414,0.469224103,0.577739703
S(=O)(=O)(c1c(N2CCOCC2)ccc(c1)C(=O)NCc1ccc(cc1)OC)N1CCOCC1,0.333941708,0.9840995,0.415177436,0.57773955
S(=O)(=O)(/N=C(/Nc1cc(c(cc1)OC)OC)\NCc1cc(F)ccc1)C,0.37060339,0.969505,0.392994226,0.577700876
o1c(nnc1SCC(=O)Nc1cc(C(=O)C)ccc1)c1cc(c(cc1)OC)OC,0.368810576,0.9554346,0.407232849,0.577159349
c1(c2c([nH]c1)ccc(c2)OC)C(CC(=O)N1CCOCC1)c1cc(C(F)(F)F)ccc1,0.405976417,0.84576,0.47943003,0.577055478
N(C(=O)c1csc(n1)NC(=O)c1cccc(c1)F)(CC)CC,0.409724983,0.93704253,0.384154637,0.576974051
c1(nc2c(o1)ccc(C(=O)N1CCC(CC(=O)NCc3ccc(OC(C)C)cc3)CC1)c2)C1CC1,0.354558478,0.8759964,0.5,0.57685163
n12c(nnc1ccc(c2)Cl)N1CCC(C(=O)NCc2ccc(OC(C)C)cc2)CC1,0.402024011,0.91873163,0.409703417,0.576819686
c1(C(=O)N2CCC(CC2)C(C(=O)N(CC)CC)NC(=O)c2cccc(c2)OC)ccc(cc1)C,0.394906823,0.8806315,0.454460982,0.576666437
c12n(c(=O)n(n2)CC(=O)Nc2cc(cc(c2)F)F)ccc(n1)Nc1ccc(F)cc1,0.349052266,0.91820633,0.462144571,0.576467724
C(=O)(c1cc(c2ccc(cc2)OC)cnc1)Nc1cc(c(cc1)OC)OC,0.429221918,0.9191609,0.38074106,0.576374627
c1(c([nH]c2c1cccc2)c1ccccc1)NC(=O)Nc1cc(c(c(c1)OC)OC)OC,0.364950677,0.899531,0.464631293,0.576370992
c1(nc2c(s1)cc(NC(=O)C)cc2)SCc1ccc(cc1)C,0.401131459,0.807502,0.520070417,0.576234616
c1(nnc(s1)COc1c(C)cccc1)C(=O)Nc1cc(C(=O)NCc2ccc(cc2)OC)ccc1,0.41494877,0.86486965,0.448405887,0.576074771
c1(c[nH]c2c1cccc2)CC(C(=O)Nc1cc(cc(c1)C)C)NC(=O)Oc1ccccc1,0.409947237,0.96380204,0.354426381,0.576058553
c12n(C(C(=O)Nc3cc(C(=O)C)ccc3)CC(=O)N2)ncc1c1ccc(cc1)OC,0.350482279,0.9423111,0.435107531,0.575966973
N1=C(CC(C(=O)Nc2cc(c(c(c2)OC)OC)OC)O1)c1ccc(cc1)Cl,0.286029316,0.97676736,0.465034562,0.575943747
c1(nc2c(n1C)cccc2)C(NC(=O)c1ccccc1)Cc1ccccc1,0.455928336,0.73652494,0.535309775,0.575921017
S(=O)(=O)(NC(C(=O)NCc1ccc(cc1)OC)c1ccccc1)c1sccc1,0.45717864,0.96277934,0.307777049,0.575911677
N(/C(=N/c1cc(F)ccc1)/NCCN1CCOCC1)C(=O)c1cc(cc(c1)OC)OC,0.391317078,0.92248225,0.413808594,0.575869308
c1(cc(no1)c1cc(c(cc1)OC)OC)C(=O)Nc1cc(O)ccc1,0.364578371,0.8404526,0.522402946,0.575811309
C(=O)(C(NC(=O)c1cc(OC)ccc1)C1CCN(C(=O)Cc2ccccc2)CC1)N1CCCCC1,0.45452395,0.9652063,0.307098193,0.575609489
n12c(n(c(=O)c3c2ccc(c3)Cl)CCC(=O)NC(C)C)nn(c1=O)Cc1cc(OC)ccc1,0.412789006,0.9159871,0.397842856,0.575539645
C(=O)(Nc1ccc(OCc2ccccc2)cc1)Cc1cc(c(cc1)OC)OC,0.508715266,0.83630955,0.380638088,0.575220969
n1c2n(c(cc1N1CCN(C(=O)c3cc(OC)ccc3)CC1)C)cnn2,0.323077606,0.8502709,0.552280095,0.575209543
c1(nnc(s1)C)C(=O)Nc1cc(C(=O)NCc2ccc(cc2)C)ccc1,0.352192236,0.9343718,0.438404339,0.574989468
c1cc(C(=O)N2CCN(C(C(=O)NCCc3ccc(cc3)OC)C3CCCC3)CC2)cc(c1)OC,0.351429069,0.85781807,0.515597553,0.57494823
C(C(=O)N1CCC(CC1)C(C(=O)NCC=C)NC(=O)c1cccc(c1)OC)Cc1ccccc1,0.455023318,0.896079,0.373285381,0.574795901
C(=O)(c1cnc(SCCNC(=O)c2ccc(cc2)OC)cc1)Nc1ccccc1,0.396287204,0.94100606,0.385963568,0.574418946
S(=O)(=O)(N1CCC(C(=O)NCc2ccc(cc2)OC)CC1)N(CC)CC,0.347837735,0.9027885,0.47240349,0.574343248
N(C(=O)c1occc1)(C(C)C)CC(=O)Nc1n(cc(n1)c1ccc(cc1)OC)c1cc(c(cc1)OC)OC,0.33221979,0.98223823,0.408490374,0.574316132
N(C(=O)c1cccc(c1)OC)(C(C)C)CC(=O)Nc1n(cc(n1)c1ccc(cc1)OC)c1cc(c(cc1)OC)OC,0.34873703,0.98147595,0.391737066,0.573983348
N1(C(=O)c2csc(n2)NC(=O)c2cccc(c2)F)CCOCC1,0.401086331,0.88864964,0.431606087,0.573780687
C(=O)(c1cc(cc(c1)OC)OC)NCc1ccc(cc1)OC,0.379363873,0.902626,0.439128643,0.573706165
c1(sc(nn1)Cc1ccc(cc1)OC)NC(=O)c1ccc(C(C)(C)C)cc1,0.37905838,0.89007366,0.450601811,0.573244616
C(=O)(Nc1ccc(cc1)OC)c1cc(ncc1)Nc1ccc(cc1)OC,0.418386399,0.9166927,0.384205322,0.573094798
S(=O)(=O)(c1c(=O)[nH]c(=O)[nH]c1C)Nc1cc([N+](=O)[O-])c(cc1)F,0.357403575,0.89660233,0.464914088,0.572973332
n1c(C(=O)Nc2ccc(C(=O)C)cc2)cccc1C(=O)OC,0.329072014,0.9337266,0.455754975,0.572851199
S(=O)(=O)(N1c2c(cc(C(=O)NCc3ccccc3)cc2)CC1)c1ccccc1,0.325768305,0.9206445,0.472084983,0.572832603
c1(nnc(s1)COc1ccccc1)C(=O)Nc1ccc(C(=O)NCc2cc(c(cc2)OCC)OC)cc1,0.433914474,0.92318285,0.360379459,0.572492259
n12c(nc(cc2C)Nc2ccc(cc2)C)nn(c1=O)Cc1cc(C#N)ccc1,0.365663967,0.88100815,0.47079003,0.572487382
n1c2n(c(cc1N1CCN(C(=O)c3cc(C(F)(F)F)ccc3)CC1)C)cnn2,0.374704279,0.7469183,0.595734382,0.572452327
N(C(=O)c1ccc(cc1)OC)(C(C)C)CC(=O)Nc1n(cc(n1)c1ccccc1)c1cc(c(cc1)OC)OC,0.376902401,0.9617538,0.378336322,0.572330836
C(=O)(NC1CCN(Cc2ccccc2)CC1)c1ccc(Nc2nnc(c3cc(F)ccc3)cc2)cc1,0.396880275,0.87733346,0.442366269,0.572193335
c1cc(C(=O)N2CCC(CC2)C(C(=O)NCCC)NC(=O)c2ccc(cc2)C)cc(c1)OC,0.401328567,0.81468004,0.5,0.572002869
C(=O)(C(NC(=O)Cc1sccc1)c1ccc(cc1)OC)Nc1ccc(cc1)C(C)C,0.51004433,0.91204333,0.293605798,0.57189782
c12n(c(=O)n(n2)CC(=O)Nc2cc(cc(c2)F)F)ccc(n1)Nc1ccc(cc1)C,0.334924191,0.98356646,0.397184933,0.571891862
c1(nnc(s1)COC)C(=O)Nc1ccc(C(=O)NCc2ccc(cc2)OCCC)cc1,0.382516026,0.9029059,0.430079589,0.571833832
N1(C(=O)c2ccc(cc2)Cl)c2c(CC1)cc(CNC(=O)c1c(cc(cc1)OC)OC)cc2,0.406745183,0.9519446,0.356413075,0.571700949
S(=O)(=O)(c1c(N2CCOCC2)ccc(c1)C(=O)NCc1cc(OC)ccc1)N1CCOCC1,0.321305718,0.9578828,0.435662486,0.571617009
n1c2n(c(cc1N1CCN(C(=O)c3ccc(cc3)OCC)CC1)C)cnn2,0.339268935,0.8502797,0.524736475,0.571428367
c1(nc2c([nH]1)cccc2)NC(=O)C(NC(=O)Cc1cc(c(cc1)OC)Cl)CCC,0.403015003,0.93982595,0.370616836,0.571152597
c1(nc2c([nH]1)cccc2)NC(=O)C(NC(=O)Cc1cc(c(cc1)OCC)OCC)CCC,0.396549905,0.9419322,0.374191789,0.570891298
C1(=CSCCO1)C(=O)Nc1ccc(C(=O)NCc2ccc(cc2)OC)cc1,0.404930431,0.8022967,0.505391367,0.570872832
c1(sc(nn1)C1N(C(=O)c2cc(F)ccc2)CCC1)C(=O)Nc1cc(F)ccc1,0.434268063,0.83083874,0.446569585,0.570558796
N1(C(C(=O)Nc2cc(c(c(c2)OC)OC)OC)Cc2c1cccc2)C(=O)c1ccccc1,0.363257792,0.9261818,0.422024017,0.570487867
n12c(nnc1ccc(c2)Cl)N1CCN(C(=O)c2cc(F)ccc2)CC1,0.38591827,0.87695944,0.448479022,0.570452245
c1(ncn(n1)CC(=O)Nc1ccc(cc1)OC)NC(=O)c1ccccc1,0.370901094,0.9641062,0.376287993,0.570431763
C(=O)(Nc1c(C)cccc1)C(NC(=O)Cc1c[nH]c2c1cccc2)c1ccccc1,0.460473941,0.8522473,0.398452526,0.570391255
n1c(oc(n1)COc1ccc(NC(=O)c2cnccc2)cc1)c1ccc(cc1)OC,0.483559216,0.9165644,0.310433798,0.570185806
N1=C(CC(C(=O)Nc2cc(O)ccc2)O1)c1ccc(cc1)F,0.366676998,0.9075689,0.435407909,0.569884593
S(=O)(=O)(N1c2cc(C(=O)NCc3ccccc3)ccc2CC1)c1ccccc1,0.3332193,0.90560895,0.470202075,0.569676776
n1(c(nnc1SCC(=O)Nc1ccc(c2nc3c(s2)cc(cc3)C)cc1)c1ccccc1)CC=C,0.42489104,0.8251836,0.458089667,0.569388092
n12c(n(c(=O)c3c1cn(n3)C)Cc1ccc(cc1)C)nn(c2=O)Cc1cc(C(F)(F)F)ccc1,0.333200917,0.8748472,0.5,0.569349363
c12n(c(=O)cc(n2)c2cc(OC)ccc2)c2c(n1CC(=O)Nc1ccc(C(=O)C)cc1)cccc2,0.392393161,0.9428444,0.371523462,0.568920338
c1(c[nH]c2c1cccc2)CC(C(=O)NCCOc1ccc(C(c2ccccc2)(C)C)cc1)NC(=O)C,0.45795336,0.911301,0.3362006,0.568484992
C(=O)(N1CCN(Cc2cnc(cc2)OC)CC1)c1cc(OC)ccc1,0.395150991,0.8883897,0.420365311,0.567968669
n1(c(nnc1SCC(=O)Nc1ccc(c2nc3c(s2)cc(cc3)C)cc1)c1ccccc1)CC,0.432840176,0.84477895,0.42621948,0.567946204
N1(C(C(=O)Nc2cc(c(cc2)OC)OC)Cc2c1cccc2)C(=O)c1ccccc1,0.42085549,0.9056631,0.376761014,0.567759859
C(=O)(NCc1ccc(cc1)OC)c1ccc(NC(=O)C)cc1,0.373863098,0.89985794,0.428642825,0.56745462
c1(c(NC(=O)c2cc(c(cc2)OC)OC)c2c(o1)cccc2)C(=O)Nc1ccc(cc1)OC,0.397911183,0.9877324,0.316486631,0.567376742
n12c(nc(cc2C)Nc2ccc(F)cc2)nn(c1=O)Cc1cc(F)ccc1,0.311882949,0.90939355,0.480054195,0.567110231
n1c2n(c(cc1N1CCN(C(=O)c3cc(F)ccc3)CC1)C)cnn2,0.388917398,0.7797736,0.53203564,0.566908877
n12c(nc(n2)CN2CCN(CC(C)C)CC2)nc(cc1N1CCOCC1)C,0.34071684,0.8715313,0.488455761,0.566901303
n12c(nnc1ccc(c2)Cl)N1CCC(C(=O)NCc2cc(F)ccc2)CC1,0.379870533,0.9571666,0.362891916,0.56664302
c1(sc(nn1)C1N(C(=O)c2cc(OC)ccc2)CCC1)C(=O)Nc1cc(F)ccc1,0.418529024,0.93612856,0.345155423,0.566604335
n1c(C(=O)Nc2ccc(C(=O)C)cc2)cccc1C(=O)Nc1ccc(C(=O)C)cc1,0.330824972,0.8999961,0.467415314,0.566078796
c1(C(=O)N2CCC(CC2)C(C(=O)N2CCOCC2)NC(=O)c2cccc(c2)OC)ccc(cc1)OC,0.403335969,0.85428447,0.440197074,0.565939169
n12-c3c(NC4(c1ccc2)CCN(C(=O)c1ccc(cc1)OC)CC4)ccc(c3)Cl,0.336906613,0.88203776,0.478663357,0.565869243
c1(c[nH]c2c1cccc2)CC(C(=O)NCCOc1ccc(cc1)OC)NC(=O)C,0.42969891,0.9102845,0.355699618,0.565227683
c1(c[nH]c2c1cccc2)C(CNC(=O)C(CC)CC)c1ccc(cc1)OC,0.435827867,0.98291403,0.276053223,0.564931707
C12(C(=O)Nc3c1cc(cc3)OC)CN(C(=O)c1cc(F)ccc1)CC2,0.338655354,0.9400648,0.415872335,0.564864159
[nH]1c(nnc1SCC(=O)Nc1cc(C(=O)C)ccc1)c1ccc(cc1)OC,0.388574445,0.9038822,0.401741366,0.564732672
n12c(n(c(=O)c3c1ccs3)CC(C)C)nn(c2=O)CC(=O)NCc1cc(OC)ccc1,0.349013559,0.9437261,0.400671858,0.564470513
c1(ncc(c2ccc(cc2)C)cn1)Nc1cc(C(=O)NCc2ccc(cc2)OC)ccc1,0.352629231,0.96636426,0.373247598,0.564080364
c1(noc(c1)c1ccc(cc1)OC)C(=O)Nc1ccc(C(=O)C)cc1,0.349055466,0.9143522,0.428658352,0.564021999
C(=O)(Nc1ccc(C(=O)OCCC)cc1)Cc1cc(c(cc1)OC)OC,0.388961644,0.8589392,0.443835795,0.563912203
[nH]1cc(c2c1ccc(c2)OC)CCNC(=O)c1ccc(NC(=O)CC)cc1,0.397761751,0.8957207,0.397704732,0.563729068
n1c2n(c(cc1N1CCN(C(=O)Cc3ccc(cc3)C)CC1)CC)cnn2,0.314399918,0.916777,0.459461594,0.563546176
c1(nc2c([nH]1)cc(cc2)Cl)N1CCC(C(=O)NCc2ccc(OC(C)C)cc2)CC1,0.374836876,0.9584029,0.356995283,0.563411677
c1(nc2c(s1)cc(NC(=O)C(CC)CC)cc2)SCC(=O)Nc1cc(cc(c1)C)C,0.445736122,0.7726896,0.471481922,0.563302542
C(=O)(NCc1ccc(cc1)OC)c1ccc(NC(=O)CCC)cc1,0.410716506,0.7789328,0.5,0.563216439
c1([nH]c2c(c1)cc(cc2)Cl)c1ccc(NC(=O)NCc2cc(OC)ccc2)cc1,0.380439115,0.892892,0.416206181,0.5631791
C(c1cc(C(=O)N2CCC(CC2)C(C(=O)NCc2ccccc2)NC(=O)c2ccccc2)ccc1)(F)(F)F,0.457677533,0.6618654,0.569796792,0.563113246
c1(c([nH]c2c1cccc2)c1ccc(cc1)CC)NC(=O)Nc1cc(cc(c1)OC)OC,0.362080609,0.899967,0.427279346,0.56310899
C(=O)(N1CCC(C(=O)Nc2cc(C(=O)C)ccc2)CC1)c1ccc(cc1)OC,0.360315259,0.80629534,0.521989615,0.562866736
N1=C(CC(C(=O)Nc2cc(c(cc2)OC)OC)O1)c1ccc(cc1)F,0.324141905,0.94704485,0.417148492,0.562778416
n12-c3c(NC4(c1ccc2)CCN(C(=O)c1cc(F)ccc1)CC4)ccc(c3)Cl,0.368961884,0.88147336,0.437860925,0.56276539
c1(C(=O)N2CCC(CC2)C(C(=O)NCCC)NC(=O)c2cccc(c2)OC)ccc(cc1)C,0.411873087,0.8213323,0.45504106,0.562748808
C12(C(=O)Nc3c1cc(cc3)OC)CN(C(=O)c1ccc(cc1)CC)CC2,0.290274857,0.961046,0.436296345,0.562539061
S(=O)(=O)(c1c(=O)[nH]c(=O)[nH]c1C)Nc1cc([N+](=O)[O-])c(cc1)Cl,0.379347047,0.77322954,0.53441073,0.562329106
c1(nc2c(s1)cc(NC(=O)CCCC)cc2)SCC(=O)Nc1cc(cc(c1)C)C,0.450085528,0.6755511,0.561270002,0.562302215
C(=O)(c1cnc(c2cc(F)ccc2)cc1)Nc1cc(c(cc1)OC)OC,0.386802408,0.9294803,0.370431178,0.562237967
c1(c(NC(=O)c2ccc(OC(C)C)cc2)c2c(o1)cccc2)C(=O)Nc1ccc(cc1)OC,0.386677577,0.9674581,0.331133336,0.561756347
[nH]1c(nc(cc1=O)C)N/N=C/c1c(ccs1)C,0.376546667,0.8935556,0.415031043,0.561711097
c1(noc(c1)c1ccc(cc1)OC)C(=O)Nc1cc(C(=O)C)ccc1,0.379926045,0.86748934,0.437657301,0.561690895
c1(c(NC(=O)c2cc(F)ccc2)c2c(o1)cccc2)C(=O)Nc1cc(OC)ccc1,0.458687211,0.96511257,0.260768224,0.561522667
N1(C(=O)c2ccc(cc2)OC)c2c(CC1)ccc(c2)CNC(=O)c1cc(Cl)ccc1,0.338046952,0.8948587,0.450376477,0.561094049
n1c2n(c(cc1N1CCN(C(=O)Cc3ccc(cc3)OC)CC1)C)cnn2,0.342911522,0.7772953,0.562464154,0.560890323
n1c2n(c(cc1N1CCN(C(=O)Cc3ccc(cc3)OCC)CC1)CC)cnn2,0.341272038,0.8346088,0.506599379,0.560826737
S1(=O)(=O)N(C(=CC(=N1)c1cc(c(cc1)OC)OC)C(=O)Nc1ccc(C(=O)C)cc1)C,0.281453352,0.9468561,0.453592341,0.560633925
c1(c([nH]c2c1cccc2)c1ccccc1)NC(=O)Nc1cc(cc(c1)OC)OC,0.372877383,0.90897435,0.398604049,0.560151927
N1=C(CC(C(=O)Nc2cc(C(=O)C)ccc2)O1)c1c(OC)cccc1,0.3615839,0.92410016,0.394568207,0.560084089
c1(nc(cs1)c1cc2c(cc1)cccc2)NC(=O)c1ccccc1,0.451044531,0.88529027,0.343424395,0.559919731
c1([nH]c2c(c1)cccc2)c1ccc(NC(=O)NCc2cc(OC)ccc2)cc1,0.395146149,0.85794985,0.426582944,0.559892982
c1(nnc(s1)CC(C)C)C(=O)Nc1cc(C(=O)NCc2ccc(cc2)C)ccc1,0.336062591,0.88285124,0.460622158,0.559845331
c1(ncc(c2cc(C(=O)NCc3ccc(cc3)OC)ccc2)cn1)Oc1ccc(cc1)OC,0.464155697,0.7153567,0.5,0.559837468
n1c2n(c(cc1N1CCN(C(=O)Cc3ccc(cc3)OCC)CC1)C)cnn2,0.326636247,0.8460228,0.506503412,0.559720815
N1(C(=O)c2ccc(cc2)OC)c2c(CC1)ccc(c2)CNC(=O)CCc1ccc(cc1)OC,0.386568492,0.8331109,0.459147308,0.559608909
c1(sc2c(c1Cl)cccc2)C(=O)Nc1cc(cc(c1)C)C,0.371964141,0.75568587,0.551089039,0.559579682
n12c(nc(n2)CN2CCC3(CC2)OCCO3)nc(cc1N1CCOCC1)C,0.334654466,0.91567105,0.428270131,0.559531882
c1(cc(no1)c1c(O)cccc1)C(=O)Nc1cc2c(OCO2)cc1,0.405135649,0.73631704,0.536519574,0.559324087
c1(sc(nc1C)Nc1ccc(cc1)C)C(=O)Nc1cc(c(cc1)Cl)C,0.399927525,0.81349677,0.461423692,0.558282662
n1(ncc2c1cc(C(=O)NCc1ccc(OC(C)C)cc1)cc2)Cc1ccc(Cl)cc1,0.383076871,0.83797264,0.453718658,0.558256057
C(=N\c1cc(C(=O)O)ccc1)(\N1CCN(Cc2cc(F)ccc2)CC1)/NCc1cc(OC)ccc1,0.396204543,0.92270356,0.355695233,0.558201114
c1(nc2c(s1)cc(NC(=O)CC)cc2)SCc1ccccc1,0.449336317,0.76800597,0.457128379,0.558156888
c1c(ccc(c1)C(=O)NCc1ccc(cc1)OC)c1[nH]nc(c1)c1c2c(ccc1)cccc2,0.354344184,0.8854671,0.434351805,0.558054367
n1c(cc(c2c1cccc2)OCC(=O)Nc1cc(C(=O)C)ccc1)c1cc(OC)ccc1,0.396769536,0.9658154,0.310918964,0.557834642
N1=C(CC(C(=O)Nc2cc3c(OCO3)cc2)O1)c1c(OC)cccc1,0.3679097,0.9719568,0.333542574,0.557803021
c1(sc2c(c1Cl)cccc2)C(=O)Nc1cc(c2nc3c(o2)cc(c(c3)C)C)c(cc1)O,0.392641754,0.91796416,0.36242709,0.557677668
N(C(=O)c1ccc(cc1)F)(C(C)C)CC(=O)Nc1n(cc(n1)c1ccc(cc1)OC)c1cc(c(cc1)OC)OC,0.340036389,0.9733632,0.359586723,0.557662111
c12n(c(=O)n(n2)CC(=O)Nc2cc(F)ccc2)ccc(n1)N1CCSCC1,0.379128263,0.89792484,0.395720227,0.55759111
c1(nc2c(s1)cc(NC(=O)CC)cc2)SCC(=O)Nc1cc(cc(c1)C)C,0.45501027,0.64803517,0.569589053,0.557544831
C(=O)(NCc1cc2c(OCCCO2)cc1)c1ccc(OCc2ccccc2)cc1,0.52510135,0.6686501,0.478403897,0.557385112
N(C(=O)CC(C)C)(C(C)C)CC(=O)Nc1n(cc(n1)c1ccc(cc1)OC)c1cc(c(cc1)OC)OC,0.308401783,0.9758985,0.3875539,0.557284729
n12c(nc(n2)CN2CCN(c3c(C)cccc3)CC2)nc(cc1N1CCOCC1)C,0.312792133,0.90872425,0.450167751,0.557228044
c1(ncc(c2cc(C(=O)NCc3ccc(cc3)C)ccc2)cn1)Oc1ccc(cc1)OC,0.40997693,0.817088,0.443899632,0.55698819
S(=O)(=O)(/N=C(/Nc1ccc(cc1)OCC)\NCc1cc(F)ccc1)C,0.400877701,0.9032865,0.366473828,0.556879349
n1c(cc(c2c1ccc(c2)C(=O)OCC)OCC(=O)Nc1ccc(cc1)C)c1cc(OC)ccc1,0.401368858,0.88833916,0.380607431,0.556771817
c12nc(cn1cccn2)c1cc(NC(=O)c2cc(F)ccc2)c(cc1)OC,0.433199453,0.7613952,0.475697098,0.556763922
S(=O)(=O)(N(CC(=O)Nc1cc(C(=O)C)ccc1)Cc1ccccc1)c1ccc(cc1)OC,0.399544866,0.85681665,0.413751407,0.556704308
c1(c[nH]c2c1cccc2)CC(NC(=O)Oc1ccccc1)C(=O)OCC(=O)c1ccc(cc1)c1ccccc1,0.440681103,0.87229806,0.357116437,0.556698534
c1(n(nnc1C(=O)Nc1cc(c(cc1)F)F)Cc1cc(F)ccc1)n1cccc1,0.407219944,0.8739509,0.388640949,0.55660393
c1(sc2c(c1Cl)ccc(c2)C)C(=O)Nc1cc(F)ccc1,0.407897198,0.84116745,0.419596886,0.556220511
N(C(=O)c1csc(n1)NC(=O)c1cccc(c1)F)C1CCCCC1,0.43165489,0.80074316,0.436127713,0.556175255
c12n(nc(n1)c1ccc(cc1)OC)c(c(c(n2)C)CC(=O)Nc1cc(C(=O)C)ccc1)C,0.355066657,0.9663983,0.346540761,0.556001906
c1(nc2c(s1)cc(NC(=O)CCC)cc2)SCC(=O)Nc1cc(cc(c1)C)C,0.437143638,0.71770245,0.512044022,0.555630036
C(C(=O)N1CCC(CC1)C(C(=O)N1CCCCC1)NC(=O)c1ccc(cc1)OC)C,0.373317949,0.9359223,0.357472962,0.555571079
c1(nc2c([nH]1)cccc2)NC(=O)C(NC(=O)c1ccc(cc1)OC)CCC,0.430990534,0.930252,0.305189007,0.555477186
c12n(c(=O)n(n2)CC(=O)Nc2cc(ccc2)CC)ccc(n1)Nc1ccc(cc1)C,0.348855252,0.93283796,0.384590281,0.555427832
n1c([nH]c2c1cc(C(=O)NCc1ccc(cc1)C)cc2)CCc1ccc(NC(=O)CC)cc1,0.351085001,0.8237059,0.490872566,0.55522116
c1(n(c2c(n1)cccc2)Cc1cc(F)ccc1)N1CCC(C(=O)NCc2ccc(OC(C)C)cc2)CC1,0.391176747,0.9393863,0.33405485,0.554872635
n12c(n(c(=O)c3c1cn(n3)C)Cc1ccc(cc1)C)nn(c2=O)Cc1cc(F)ccc1,0.316119544,0.889731,0.458714457,0.554854997
n12c(ncn2)nc(cc1Sc1ccc(NC(=O)c2cc(F)ccc2)cc1)CC,0.418354024,0.98323745,0.262847038,0.554812836
n1c2n(c(cc1N1CCN(C(=O)c3ccc(cc3)C)CC1)C)cnn2,0.325908606,0.7294043,0.608811701,0.554708193
c1([nH]c2c(c1)cc(cc2)Cl)c1ccc(NC(=O)C2CC2)cc1,0.400845508,0.77518815,0.487723296,0.554585651
S(=O)(=O)(c1c(=O)[nH]c(=O)[nH]c1C)N1CCC(C(=O)Nc2nc3c(s2)cc(cc3)C)CC1,0.430418656,0.6757364,0.556593372,0.554249485
c1(nc2c(n1C)ccc(C(=O)N(C)C)c2)CN(C(=O)Nc1cc(c(cc1)OC)OC)C,0.361565832,0.82595956,0.474628153,0.554051183
c1(C(=O)Nc2ccc(C(=O)OCCCC)cc2)cc(nc2c1cccc2)c1cc(c(cc1)OC)OC,0.425037522,0.67802334,0.559028231,0.554029697
c1(nc2c([nH]1)cccc2)c1cc(NC(=O)C2CC2)c(cc1)Cl,0.349525428,0.9039156,0.408219886,0.553886966
C(=O)(N1CCN(CC1)C)C(NC(=O)c1cc(on1)c1cccc(c1)OC)c1ccccc1,0.426867339,0.8662153,0.367195031,0.553425886
n1n(c2c(c1CNC(=O)c1cc(cc(c1)OC)OC)cccc2)C,0.32722061,0.9312311,0.40138135,0.553277681
c1(nc2c(s1)cccc2)NC(=O)c1cc2nnn(c2cc1)Cc1ccc(cc1)C,0.444124771,0.64430356,0.571394889,0.553274407
n12c(=O)n(nc1ccc(c2)C(=O)Nc1ccc(cc1)OC)CC(=O)Nc1cc(C(=O)C)ccc1,0.339106123,0.91393894,0.406160966,0.553068676
C12(C(=O)Nc3c1cc(cc3)OC)CN(C(=O)c1cc(Cl)ccc1)CC2,0.313886926,0.9275962,0.417385885,0.552956341
c1(c(NC(=O)c2cc(OC)ccc2)c2c(o1)cccc2)C(=O)Nc1ccc(cc1)OC,0.400379126,0.96074396,0.297714927,0.552946006
n1c2n(c(cc1N1CCN(C(=O)c3ccc(cc3)C)CC1)CCC)cnn2,0.371754361,0.679401,0.606727845,0.552627729
n1c([nH]c2c1cc(C(=O)NCc1ccc(cc1)C)cc2)Cc1ccc(NC(=O)CC)cc1,0.362326668,0.8386764,0.45595055,0.55231787
c1(ncc(c2ccc(cc2)C)cn1)Nc1cc(C(=O)NCc2cc(OC)ccc2)ccc1,0.344399708,0.9565822,0.355931357,0.552304418
n12c(nc(cc2C)Nc2ccc(cc2)C)nn(c1=O)Cc1ccccc1,0.339121004,0.831436,0.486059426,0.55220547
n12c(nc(n2)CN2CCN(CC2)CCCC)nc(cc1N1CCOCC1)C,0.329103887,0.82683,0.5,0.551977972
C(=O)(NCc1ccccc1)c1ccc(OCc2ccccc2)cc1,0.562020481,0.5093545,0.584340345,0.551905099
S(=O)(=O)(c1sc(C(=O)Nc2cc(F)ccc2)cc1)c1ccc(cc1)Cl,0.382620004,0.8991766,0.373067129,0.551621244
n1c([nH]c2c1cc(C(=O)NCc1cc(Cl)ccc1)cc2)CCc1ccc(NC(=O)C)cc1,0.35875914,0.8898164,0.406161555,0.551579033
C(=O)(c1cnc(c2cc(F)ccc2)cc1)Nc1cc(c(cc1)F)Cl,0.38500479,0.96617347,0.303278727,0.551485663
N1(C(=O)c2ccc(NC(=O)c3ccc(cc3)OC)cc2)C(C(=O)NCCCC)CCC1,0.419777144,0.7803298,0.453985511,0.551364159
N(C(=O)C(C)C)(C(C)C)CC(=O)Nc1n(cc(n1)c1ccc(cc1)OC)c1cc(c(cc1)OC)OC,0.309917398,0.96744764,0.375129254,0.55083143
C(=O)(C(NC(=O)C1CCC(CC1)C)Cc1ccccc1)Nc1cc(OC)ccc1,0.422353374,0.8170456,0.412845769,0.550748258
C(=O)(C(NC(=O)Cc1c[nH]c2c1cccc2)c1ccc(cc1)C)Nc1ccc(cc1)C(C)C,0.514146492,0.75641066,0.381633967,0.550730372
n12c(nc(cc2C)Nc2ccc(cc2)C)nn(c1=O)CC=C,0.361428804,0.78316325,0.507113773,0.550568609
C12(C(=O)Nc3c1cc(cc3)OC)CN(C(=O)c1ccc(cc1)OCC)CC2,0.309112339,0.9409399,0.401173593,0.550408612
s1c(NC(=O)c2ccc(C(C)(C)C)cc2)nnc1c1ccc(cc1)OC,0.361029388,0.7804762,0.509702216,0.550402606
C12(C(=O)Nc3c1cc(cc3)OC)CN(C(=O)c1cc(N(C)C)ccc1)CC2,0.314771178,0.9183304,0.416243752,0.549781767
n12c(n(c(=O)c3c1cn(n3)C)Cc1ccc(cc1)C)nn(c2=O)Cc1c(ccc(c1)C)C,0.320964322,0.96597123,0.362343159,0.549759571
N1(C(=O)c2cccc(c2)OC)CCC(CC1)C(C(=O)N1CCOCC1)NC(=O)c1ccccc1,0.427385969,0.8785459,0.34123616,0.549056003
n12c(nc(n2)c2cnccc2)nc(cc1Nc1ccc(C(=O)Nc2nccs2)cc1)C,0.403094483,0.9876211,0.256451413,0.549055675
N1=C(CC(C(=O)Nc2cc(c(cc2)OC)OC)O1)c1c(F)cccc1,0.376281254,0.8417164,0.429103337,0.549033667
C12(C(=O)Nc3c1cc(cc3)OC)CN(C(=O)Cc1ccc(cc1)C)CC2,0.30916622,0.8879337,0.449522374,0.548874088
c12n(c(=O)cc(n2)c2ccc(cc2)OC)c2c(n1CC(=O)Nc1ccc(C(=O)C)cc1)cccc2,0.361769045,0.9418256,0.342239504,0.548611392
n12-c3c(NC4(c1ccc2)CCN(C(=O)c1cc(OC)ccc1)CC4)ccc(c3)Cl,0.352406646,0.86754054,0.423722132,0.547889772
c1(nc2c([nH]1)cccc2)NC(=O)C(NC(=O)c1cc(OC)ccc1)CCC,0.460386436,0.8947849,0.288451039,0.547874134
N1(c2c(CC1)cc(CNC(=O)c1cc(NC(=O)C)ccc1)cc2)C(=O)C,0.354622703,0.8310344,0.457739933,0.547799019
c1(nc2c(s1)cc(NC(=O)CCc1ccccc1)cc2)SCC(=O)Nc1ccc(C(=O)C)cc1,0.445032431,0.8123131,0.385855766,0.547733759
c1(ncc(c2ccc(C(=O)NCc3cc(OC)ccc3)cc2)cn1)Oc1ccc(cc1)OC,0.43034507,0.73189783,0.480616863,0.547619921
N(C(=O)c1ccc(cc1)Cl)(C(C)C)CC(=O)Nc1n(cc(n1)c1ccc(cc1)OC)c1cc(c(cc1)OC)OC,0.321952182,0.95337594,0.367270791,0.54753297
N(C(=O)c1ccc(cc1)OC)(C(C)C)CC(=O)Nc1n(cc(n1)c1ccc(cc1)Cl)c1cc(c(cc1)OC)OC,0.321952182,0.95337594,0.367270791,0.54753297
S(=O)(=O)(Nc1cc2sc(nc2cc1)NC(=O)c1ccccc1)c1ccc(cc1)OCC,0.493725236,0.6486298,0.5,0.547451674
S(=O)(=O)(N(CC(=O)NCC(C)C)Cc1ccccc1)c1ccc(cc1)OC,0.38439169,0.90326214,0.354609237,0.547421022
C(=O)(NCc1ccc(cc1)OC)c1ccc(c2c(NC(=O)CC)cccn2)cc1,0.45170615,0.71017784,0.480030173,0.547304721
c1(nc2c(s1)cc(NC(=O)CSc1ncccc1)cc2)SCC(=O)Nc1ccc(C(=O)OC)cc1,0.419924982,0.8084158,0.412198525,0.546846426
n12c(ncn2)nc(cc1Sc1ccc(NC(=O)c2cc(cc(c2)OC)OC)cc1)C,0.427133257,0.8403681,0.372619397,0.546706915
n1c2n(c(cc1N1CCN(C(=O)Cc3cc(OC)ccc3)CC1)CCC)cnn2,0.382096089,0.6293903,0.62808468,0.546523689
c1(nc2c([nH]1)cccc2)NC(=O)C(NC(=O)c1cc(F)ccc1)CCC,0.48182911,0.89441353,0.263125427,0.546456022
c1(c(nc2n1cc(cc2)Cl)c1c[nH]c2c1cccc2)Nc1ccc(Cl)cc1,0.437826326,0.82215154,0.379146656,0.546374841
S(=O)(=O)(NCc1ccccc1)c1ccc(c2cc(C(=O)NCc3ccc(cc3)OC)ccc2)cc1,0.434102253,0.728455,0.476432508,0.546329923
c1(c(c2c([nH]1)ccc(c2)OC)NC(=O)c1ccccc1)C(=O)NCc1ccc(cc1)OCCC,0.416567797,0.7857242,0.436451746,0.546247922
c1(c[nH]c2c1cccc2)C(CNC(=O)c1c(OC)cccc1)c1ccc(cc1)OC,0.430702833,0.95586205,0.251896607,0.546153828
c1(nc2c(s1)cc(cc2)C)NC(=O)c1cc(ccc1)C,0.495362496,0.717852,0.424427959,0.545880817
n1(c(nc2c(c1=O)ccc(C(=O)OC)c2)N1CCOCC1)c1cc(Cl)ccc1,0.332746495,0.9310452,0.373719398,0.545837022
c12n(c(=O)n(n2)CC(=O)Nc2cc(c(cc2)OC)Cl)ccc(n1)N1CCOCC1,0.331960233,0.90061015,0.404077417,0.545549266
c1(c(c2c([nH]c1=O)cccc2)O)C(=O)NCc1cc(F)ccc1,0.379269493,0.9373134,0.31985794,0.54548027
c1(nc2c(s1)cc(cc2)C)NC(=O)c1cc(NC(=O)C(C)C)ccc1,0.524543465,0.74487925,0.366966948,0.54546322
N1=C(CC(C(=O)Nc2cc(O)ccc2)O1)c1c(OC)cccc1,0.365590625,0.8869721,0.3833749,0.545312552
c1(nc2c(s1)cc(NC(=O)Cc1c3c(ccc1)cccc3)cc2)SCC(=O)Nc1c(cccc1CC)CC,0.413486742,0.8910568,0.331304968,0.545282829
c1(cc(NC(=O)CCC(=O)c2ccc(cc2)OC)ccc1OC)Cl,0.4330852,0.825735,0.376854084,0.545224752
n1nc(Nc2cc(C(=O)NCc3cc(OC)ccc3)ccc2)ccc1c1ccccc1,0.411763161,0.8718195,0.351840473,0.545141043
c1(n2c(nc1c1cc(c(cc1)OC)OC)cncc2)Nc1ccc(C(=O)NCc2ccccc2)cc1,0.379134551,0.9395313,0.315606685,0.544757521
N1(c2c(cc(c3ccc(C(=O)NCc4cc(OC)ccc4)cc3)cc2)CC1)C(=O)CC,0.341968889,0.79187757,0.5,0.544615486
C(C(=O)N1CCC(CC1)C(C(=O)N1CCCCC1)NC(=O)c1cccc(c1)OC)C,0.403016778,0.8976267,0.332387561,0.544343679
N1(C(=O)c2ccc(cc2)C)c2c(CC1)cc(CNC(=O)c1cc(OC)ccc1)cc2,0.310191319,0.83412796,0.488031517,0.544116933
C(=O)(c1cnc(c2cc(F)ccc2)cc1)Nc1ccc(Cl)cc1,0.357772861,0.9434119,0.330379034,0.543854594
c1(ncc(c2ccc(cc2)C)cn1)Nc1cc(C(=O)NCc2ccc(cc2)OCCC)ccc1,0.372838957,0.92384076,0.334879373,0.54385303
c1(sc2c(c1Cl)cccc2)C(=O)Nc1cc2nc(oc2cc1)c1c(C)cccc1,0.388571659,0.9116526,0.331332996,0.543852427
n12c(n(c(=O)c3c1cn(n3)C)Cc1ccc(cc1)C)nn(c2=O)Cc1cc(OC)ccc1,0.354418899,0.75576586,0.521176917,0.543787224
C(=O)(N1CCC(C(=O)Nc2cc(OC)ccc2)CC1)c1cc(F)ccc1,0.380883038,0.82956314,0.420357905,0.543601361
c1(ncc(c2ccc(C(=O)NCc3ccc(cc3)OC)cc2)cn1)Oc1cc(OC)ccc1,0.430608647,0.7715986,0.428407041,0.543538088
N1(C(=NCC1)N1CCN(c2cc(Cl)ccc2)CC1)C(=O)c1cc(F)ccc1,0.371337671,0.81820655,0.441039586,0.543527935
c1(c2c(-c3c(CC2)cc(cc3)OC)[nH]n1)C(=O)Nc1cc(C(=O)C)ccc1,0.359582712,0.8567532,0.412635837,0.542990573
n1c([nH]c2c1cc(C(=O)NCc1cc(Br)ccc1)cc2)CCc1ccc(NC(=O)C)cc1,0.36355822,0.83955836,0.425368508,0.542828364
c12nc(cn1cccn2)c1cc(NC(=O)c2ccc(cc2)Cl)ccc1,0.396620867,0.677475,0.554311541,0.542802461
C(=O)(c1cnccc1)Nc1cc(OC(=O)c2cnccc2)ccc1,0.470282673,0.71579075,0.440930471,0.542334631
c1(c([nH]c2c1cccc2)c1ccccc1)NC(=O)Nc1cc(ccc1OC)OC,0.39785045,0.9185245,0.310429063,0.542268006
C(=O)(c1cnc(c2cc(F)ccc2)cc1)Nc1cc(OC)ccc1,0.389700847,0.9256368,0.311095413,0.542144363
c12nc(cn1cccn2)c1cc(NC(=O)c2ccc(cc2)C)c(cc1)C,0.353904504,0.7559021,0.515986123,0.541930913
c1(c(c2c([nH]1)ccc(c2)OC)NC(=O)c1ccccc1)C(=O)NCCc1cc(c(cc1)OC)OC,0.394883761,0.8451927,0.384827618,0.541634683
c1(nc2c([nH]1)cccc2)NC(=O)C(NC(=O)Cc1cc(OC)ccc1)CCC,0.384861986,0.8686175,0.371309021,0.541596161
c1(C(=O)NCc2cc(F)ccc2)cnc(c2sccc2)cc1,0.345906692,0.8546786,0.424083338,0.541556201
n1(nc(nc1c1ccc(cc1)OC)C(=O)Nc1ccc(C(=O)C)cc1)c1c(Cl)cccc1,0.405436398,0.86498266,0.352535714,0.540984926
C(=O)(c1ccc(NC(=O)CC)cc1)OC,0.41998585,0.69116586,0.511332122,0.540827945
c1(c([nH]c2c1cccc2)c1ccccc1)NC(=O)Nc1cc(c(cc1)OC)OC,0.385437346,0.8149133,0.422105726,0.540818781
N1(c2c(cc(C(=O)NCc3cc(OC)ccc3)cc2)CC1)C(=O)C,0.338299889,0.85772055,0.426430375,0.54081694
c1(C(=O)NC2CCN(c3ccccc3C(=O)NCc3cc(C(F)(F)F)ccc3)CC2)cc(F)ccc1,0.439524348,0.7753643,0.407534878,0.540807835
c1cc(C(=O)N2CCC(CC2)C(C(=O)N2CCCCC2)NC(=O)c2ccc(cc2)OC)cc(c1)OC,0.384092732,0.86057454,0.377436485,0.540701253
c1(=O)[nH]c(nc2c1cccc2)CCNC(=O)c1cc(cc(c1)OC)OC,0.347142275,0.9306898,0.344075893,0.540635993
c1(nc2c([nH]1)cc(cc2)C)N1CCC(C(=O)NCc2ccc(OC(C)C)cc2)CC1,0.330232107,0.91216254,0.379207052,0.5405339
n1c(oc2c1ccc(C(=O)N1CCC(CC(=O)NCc3ccc(cc3)OC)CC1)c2)c1ccc(cc1)C,0.326033415,0.8136635,0.481290955,0.540329284
C(=N\c1ccc(C(=O)O)cc1)(/N1CCN(c2c(ccc(c2)C)C)CC1)\NCc1cc(OC)ccc1,0.365878022,0.84205276,0.412976447,0.540302409
n1(ncc(c1)Br)C(=O)c1ccc(COc2cc3c(cc2)CCC3)cc1,0.475545881,0.5626493,0.582544057,0.540246416
c1(sc2c(c1Cl)cccc2)C(=O)Nc1ccc(cc1)CC,0.368945157,0.74150723,0.509713105,0.540055165
c1(nc2c(s1)cc(cc2)OCC)SCC(=O)Nc1ccc(cc1)CC,0.418510073,0.6116815,0.589485796,0.539892463
c12n(c(=O)n(n2)CC(=O)Nc2cc3c(OCCO3)cc2)ccc(n1)Nc1ccc(F)cc1,0.354121918,0.89267766,0.372066643,0.539622075
S(=O)(=O)(N(c1c(cc(cc1)OC)OC)CC(=O)NC(c1ccccc1)C)c1ccccc1,0.376983849,0.89779264,0.343748068,0.539508185
n12c(ncn2)nc(cc1Sc1ccc(NC(=O)c2cc(cc(c2)OC)OC)cc1)CCC,0.411961025,0.91280663,0.293675139,0.539480931
n1c(oc2c1cc(C(=O)N1CCC(C(C(=O)NCc3ccc(cc3)OC)C)CC1)cc2)c1ccccc1,0.383065262,0.8999109,0.335460964,0.539479051
c1(ncc(C(=O)NCc2cc(OC)ccc2)cn1)N1CCOCC1,0.353100089,0.7653042,0.5,0.539468099
c1([nH]c2c(c1)cc(cc2)Cl)C(=O)Nc1ccc(CCc2nc3c([nH]2)cccc3)cc1,0.409003284,0.78489846,0.424459038,0.539453594
c1(cc(no1)c1cc(OC)ccc1)C(=O)Nc1cc(c(cc1)OC)OC,0.367574847,0.8235445,0.426685351,0.539268233
c1(nnc(s1)C)C(=O)Nc1ccc(C(=O)NCc2ccc(cc2)OC)cc1,0.394369852,0.8000897,0.422976252,0.539145274
c12n(c3c(c(=O)n1CCC(=O)NC(C)C)cc(cc3)Cl)c(nn2)SCc1cc(OC)ccc1,0.409196055,0.913432,0.294634573,0.539087543
n1c(oc2c1ccc(C(=O)N1CCC(CC(=O)NCc3ccccc3)CC1)c2)c1ccccc1,0.380754229,0.7577258,0.4772866,0.538588868
N(C(=O)COC)(C(C)C)CC(=O)Nc1n(cc(n1)c1ccc(cc1)OC)c1cc(c(cc1)OC)OC,0.303089283,0.9464574,0.365840719,0.538462463
c1(n2c(nn1)cccc2)N1CCC(C(=O)NCc2ccc(OC(C)C)cc2)CC1,0.405970599,0.86244905,0.346610786,0.538343478
n1c(onc1c1cc(Cl)ccc1)C1N(C(=O)Nc2cc(F)ccc2)CCC1,0.439042481,0.835612,0.339993183,0.538215888
c1(sc2c(c1Cl)cccc2)C(=O)Nc1ccc(c2nc3c(o2)cc(c(c3)C)C)cc1,0.38428817,0.7973782,0.432849105,0.538171819
n12-c3c(NC4(c1ccc2)CCN(C(=O)c1cc(OC)ccc1)CC4)cccc3,0.384630696,0.7517559,0.478001467,0.538129352
C(=O)(N(C(C(=O)Nc1ccc(cc1)OC)c1ccccc1)C)C1N(C(=O)OCc2ccccc2)CCC1,0.475219176,0.7636122,0.375556174,0.538129187
n12c(n(c(=O)c3c1ccs3)CCCC)nn(c2=O)CC(=O)Nc1ccc(C(=O)OC)cc1,0.317632383,0.95402354,0.341790844,0.537815589
N1=C(CC(C(=O)Nc2ccc(C#N)cc2)O1)c1cc(c(cc1)OC)OC,0.347658695,0.9230908,0.342494425,0.537747978
c1(nc2c(o1)ccc(C(=O)N1CCC(CC(=O)NCc3cc(F)ccc3)CC1)c2)C1CC1,0.344029412,0.843056,0.425912129,0.537665855
c1(c2c(-c3c(CC2)cc(cc3)OC)[nH]n1)C(=O)Nc1ccc(C(=O)C)cc1,0.333296613,0.89222616,0.386992832,0.537505201
S(=O)(=O)(N(c1cc(ccc1OC)OC)CC(=O)Nc1cc(C(=O)C)ccc1)c1ccccc1,0.392125423,0.8994147,0.320727184,0.537422442
c1(c[nH]c2c1cccc2)CC(C(=O)Nc1ccc(cc1)C)NC(=O)Oc1ccccc1,0.395030571,0.91187155,0.304767355,0.537223159
n1(c(nc2c(c1=O)cccc2)SCC(=O)Nc1[nH]cnn1)Cc1cc(OC)ccc1,0.366588441,0.7533005,0.491497919,0.537128949
n1c(oc2c1ccc(C(=O)N1CCC(CC(=O)NCc3ccc(cc3)OC)CC1)c2)c1ccccc1,0.384315822,0.7461448,0.480550501,0.537003698
c1(nnc(s1)C)C(=O)Nc1cc(C(=O)NCc2ccc(cc2)OCCCC)ccc1,0.442715278,0.66811997,0.5,0.536945082
S(=O)(=O)(/N=C(/Nc1cc(c(cc1)OC)OC)\NCc1cc(c(c(c1)OC)OC)OC)C,0.311881307,0.90474087,0.393231256,0.536617811
c1(sc2c(c1Cl)ccc(c2)F)C(=O)Nc1cc2c(OCO2)cc1,0.357188914,0.8470327,0.405147788,0.536456476
n1n(c2c(n1)cc(C(=O)NCCc1c[nH]c3c1cccc3)cc2)Cc1ccc(cc1)C,0.313510543,0.86422884,0.431603077,0.536447488
C(C(=O)N1CCC(CC1)C(C(=O)NC1CC1)NC(=O)c1ccc(cc1)OC)Cc1ccccc1,0.43481571,0.7277705,0.446547288,0.536377835
S(=O)(=O)(N(c1c(cc(cc1)OC)OC)CC(=O)NC(c1ccc(cc1)OC)C)c1ccccc1,0.353352194,0.9074952,0.348250353,0.536365916
c1(c[nH]c2c1cccc2)C(CC(=O)N1CCCC1)c1ccc(cc1)OC,0.364940564,0.9757749,0.268115792,0.53627708
c1(c(c2c([nH]c1=O)cccc2)O)C(=O)Nc1ccc(cc1)OC,0.378332958,0.86183846,0.368507882,0.536226433
c1(c([nH]c2c1cccc2)c1ccc(cc1)CC)NC(=O)Nc1cc(ccc1OC)OC,0.397673293,0.8637779,0.346904913,0.536118694
c12n(nc(c1)c1cc(c(cc1)OC)OC)c(cc(n2)C)C,0.339726239,0.6435434,0.624770063,0.536013241
n1(c(nc2c(c1=O)cc1c(c2)OCO1)SCC(=O)Nc1[nH]cnn1)CC=C,0.372938648,0.69460213,0.540172046,0.535904275
N1=C(CC(C(=O)Nc2ccc(cc2)CC)O1)c1cc(c(c(c1)OC)OC)OC,0.307264696,0.80774915,0.492674608,0.535896152
C(=O)(NC(c1ccccc1)C)Cc1cc(c(cc1)OC)OC,0.388499457,0.84360796,0.375557453,0.535888291
c1(C(=O)Nc2ccc(C(=O)C)cc2)oc(cc1)COc1ccccc1,0.475140557,0.87402904,0.25785251,0.535674036
c1(nc2c([nH]1)cc(cc2)Cl)N1CCC(C(=O)NCc2cc(F)ccc2)CC1,0.385211439,0.9493269,0.271967417,0.53550191
N1=C(CC(C(=O)Nc2cc(c(c(c2)OC)OC)OC)O1)c1cc(Br)ccc1,0.330424788,0.77011424,0.505658334,0.535399122
c12n(c(=O)n(n2)CC(=O)Nc2cc3c(OCO3)cc2)ccc(n1)Nc1ccc(F)cc1,0.372239734,0.8731328,0.360408898,0.535260486
c1(C(=O)N2CCC(CC2)C(C(=O)N2CCCCC2)NC(=O)c2ccc(cc2)F)cc(F)ccc1,0.432788241,0.8236796,0.349238792,0.535235553
c1(C(=O)N2CCC(CC2)C(C(=O)N2CCCCC2)NC(=O)c2ccccc2)cc(F)ccc1,0.447887134,0.8812647,0.276308128,0.535153316
c12n(c(=O)n(n2)CC(=O)Nc2cc(ccc2)CC)ccc(n1)N1CCOCC1,0.311525399,0.8903501,0.403256565,0.535044022
c1([nH]c2c(c1)cccc2)c1ccc(NC(=O)Cc2cc(c(cc2)OC)OC)cc1,0.336618189,0.87956303,0.388835959,0.535005727
S(=O)(=O)(/N=C(/Nc1cc(c(cc1)OC)OC)\NC(C)(C)C)C,0.349010945,0.9221825,0.332799629,0.534664358
c1(NC(=O)c2cc(cc(c2)OC)OC)nc(CC(=O)Nc2cc(C(=O)C)ccc2)cs1,0.392455751,0.981406,0.229934167,0.53459863
n1c([nH]c2c1cc(C(=O)NCc1ccc(Cl)cc1)cc2)CCc1ccc(NC(=O)C)cc1,0.346651603,0.88320965,0.373706501,0.534522583
n1(c(nc2c(c1=O)cccc2)SCC(=O)Nc1[nH]cnn1)Cc1ccc(cc1)OC,0.365722795,0.7590106,0.478677417,0.534470275
C(=O)(C(N(Cc1ccccc1)Cc1ccccc1)c1ccc(cc1)OC)NC1CCCCC1,0.421295399,0.74533856,0.436499167,0.534377708
N(C(=O)c1sccc1)(C(C)C)CC(=O)Nc1n(cc(n1)c1ccc(cc1)OC)c1cc(c(cc1)OC)OC,0.323232181,0.89790004,0.380757124,0.533963117
c1(c2c(-c3c(CC2)cc(cc3)OC)on1)C(=O)Nc1cc(C(=O)C)ccc1,0.382998335,0.7835508,0.434222043,0.533590392
n1c([nH]c2c1cc(C(=O)NCCc1c[nH]c3c1cccc3)cc2)CCc1ccc(NC(=O)C)cc1,0.356255247,0.832789,0.411514346,0.533519532
c1(c(N2CCOCC2)cc(NC(=O)C)cc1)C(=O)NCc1ccc(OC(C)C)cc1,0.412107963,0.7638313,0.424069723,0.533336335
n1nc(Nc2cc(C(=O)NCc3ccc(cc3)OC)ccc2)ccc1c1cc(ccc1)C,0.368326605,0.86340284,0.368256265,0.533328571
c1(c(=O)c2c(n(c1)CC(=O)Nc1cc(c(cc1)OC)OC)ccc(c2)OC)C(=O)c1ccccc1,0.341464968,0.9644548,0.293919441,0.533279746
c1(c(=O)c2c(n(c1)CC(=O)Nc1ccc(cc1)OC)ccc(c2)OC)C(=O)c1ccc(cc1)OC,0.34932863,0.84054255,0.408638201,0.532836462
n1(c(=O)c2c(nc1/C=C/c1c3c(ccc1)cccc3)cccc2)c1c(Cl)cccc1,0.369521703,0.84954804,0.378899571,0.532656438
S(=O)(=O)(/N=C(/Nc1cc(c(cc1)OC)OC)\NCc1ccc(cc1)OCC)C,0.345248826,0.9204541,0.331929547,0.532544153
c1(nc2c(n1C)cccc2)CCc1ccc(NC(=O)NCc2cc(OC)ccc2)cc1,0.359219312,0.7969309,0.441147795,0.532432672
C(c1cc(NC(=O)CC(=O)c2ccccc2)c(cc1)Cl)(F)(F)F,0.386193823,0.7537653,0.456271885,0.532076998
S(=O)(=O)(c1ncc(C(=O)Nc2cc(c(cc2)OC)OC)cc1)c1ccc(cc1)OC,0.375393381,0.7607683,0.459787548,0.531983074
c1(c(c2c([nH]1)ccc(c2)C)NC(=O)c1ccc(cc1)C)C(=O)NCc1ccc(cc1)OC,0.364180979,0.76427156,0.466706367,0.531719634
C12(C(=O)Nc3c1cc(cc3)OC)CN(C(=O)Cc1cc(F)ccc1)CC2,0.309122541,0.8296058,0.4560661,0.531598153
n1c([nH]c2c1cc(C(=O)NCc1ccc(cc1)CC)cc2)Cc1ccc(NC(=O)CC)cc1,0.373967204,0.81649494,0.404295321,0.531585822
C(=O)(N1C(COc2ccc(C(=O)NC3CC3)cc2)CCC1)c1cc(F)ccc1,0.365920062,0.79862046,0.430213777,0.531584767
N1(C(=O)c2ccc(cc2)C)c2c(CC1)cc(cc2)CNC(=O)CCc1ccc(cc1)OC,0.329655533,0.82972234,0.435287942,0.531555273
n1c(noc1CCC(=O)Nc1cc(C(=O)C)ccc1)c1cc(c(cc1)OC)OC,0.342694509,0.9448716,0.307067831,0.531544648
c1(nnc(s1)CCCC(=O)NC(c1ccccc1)C)C(=O)Nc1ccc(cc1)OC,0.363643826,0.7758286,0.453783529,0.531085318
c1(NC(=O)c2csc(n2)c2cccc(OCc3cccc(c3)C(F)(F)F)c2)ccc(cc1)OC,0.490382267,0.68805635,0.414719947,0.531052854
n12c(nc(cc2C)Nc2ccccc2)nn(c1=O)Cc1ccc(cc1)C,0.330068043,0.74628264,0.516594471,0.530981717
C(=O)(C(=O)NCc1ccc(cc1)OC)Nc1cc(c(cc1)OC)Cl,0.369590645,0.8335006,0.38965222,0.530914496
o1c(nnc1SCC(=O)Nc1ccc(C(=O)C)cc1)c1cc(c(cc1)OC)OC,0.309840366,0.89662534,0.386180508,0.530882071
n12c(nc(cc2C)Nc2ccc(cc2)C)nn(c1=O)Cc1ccc(cc1)OC,0.33588014,0.658264,0.598500626,0.530881582
c1(cc(ncn1)c1ccccc1)Nc1ccc(C(=O)NCc2cc(OC)ccc2)cc1,0.40258559,0.9174785,0.27248627,0.53085012
c12n(c(=O)n(n2)CC(=O)Nc2cc(c(cc2)F)F)ccc(n1)Nc1ccc(cc1)C,0.359020728,0.9303133,0.303043512,0.53079251
C(=N\c1ccc(C(=O)O)cc1)(/N1CCN(CC(=O)N(CC)CC)CC1)\NCc1cc(OC)ccc1,0.344420198,0.8625199,0.385161683,0.5307006
c1(sc2c(c1Cl)cccc2)C(=O)Nc1nc(c2c(ccc(c2)C)C)cs1,0.383041368,0.73657316,0.471625211,0.530413247
n1c2n(c(cc1N1CCN(C(=O)c3cc(Cl)ccc3)CC1)CCC)cnn2,0.387629504,0.64758015,0.555623025,0.530277558
N1=C(CC(C(=O)Nc2c(C(F)(F)F)cccc2)O1)c1cc(c(c(c1)OC)OC)OC,0.327390717,0.86590743,0.397471704,0.530256617
C(=O)(C(c1cc(c(cc1)OC)OC)Nc1ccc(cc1)C)NC1CCCCC1,0.361347571,0.782082,0.446542805,0.529990799
n1c2c(cn1Cc1ccc(cc1)OC)ccc(c2)C(=O)NCc1ccc(Cl)cc1,0.362974213,0.89118296,0.335741126,0.529966099
c1(C(=O)c2cc(c(cc2)OC)O)cc(c(c(c1)OC)OC)OC,0.390091192,0.72028416,0.479238434,0.529871263
S(=O)(=O)(c1ccc(NC(=O)Cc2ccc(cc2)OC)cc1)N(CCCC)CCCC,0.346940599,0.7335636,0.509065149,0.52985645
c1(nc2c(s1)cc1nc(NC(=O)c3cc(ccc3)C)sc1c2)NC(=O)c1cc(ccc1)C,0.520762482,0.6857681,0.382954357,0.529828322
c1(oc(C(=O)Nc2cc(C(F)(F)F)ccc2)cc1)C(=O)c1ccccc1,0.436820123,0.64319634,0.509289054,0.529768507
n1c2n(c(cc1N1CCN(C(=O)Cc3cc(F)ccc3)CC1)C)cnn2,0.328983354,0.7592179,0.5,0.529400424
c1(c(ccc(c1)CCNC(=O)CC(c1c[nH]c2c1cccc2)c1cc(C(F)(F)F)ccc1)OC)OC,0.383970351,0.8221038,0.381548702,0.529207617
c1(n(c2c(n1)ccc(c2)C(=O)NCc1ccc(OC(C)C)cc1)C)SCc1ccc(F)cc1,0.368639165,0.8682364,0.349889294,0.528921627
c1(c([nH]c2c1cccc2)c1ccccc1)C(=O)C(=O)Nc1ccc(cc1)OC,0.448816324,0.72954965,0.40792924,0.52876507
c1(c(NC(=O)c2ccccc2)c2c(o1)cccc2)C(=O)Nc1ccc(cc1)OC,0.389941331,0.933626,0.262726827,0.528764718
c1(noc(c1)c1cc(OC)ccc1)C(=O)Nc1cc(C(=O)C)ccc1,0.38367375,0.84432733,0.358234967,0.528745349
c1(c(nc(s1)Nc1ccccc1)C(=O)N)NC(=O)Cc1nc(c(cc1F)F)F,0.377750888,0.89610773,0.312238749,0.528699123
C(C(=O)N1CCC(CC1)C(C(=O)NC(CC)C)NC(=O)c1ccc(cc1)OC)c1ccccc1,0.410400679,0.83219993,0.343288606,0.528629739
N1(C(=O)c2csc(n2)NC(=O)c2cccc(c2)F)CCN(CC1)C(=O)C,0.378669525,0.9043407,0.302041969,0.528350726
c1(nc2c([nH]1)cccc2)c1cc(NC(=O)c2occc2)c(cc1)Cl,0.33986581,0.85951567,0.385356782,0.528246086
c1(c(NC(=O)c2cc(cc(c2)OC)OC)c2c(o1)cccc2)C(=O)Nc1cc(OC)ccc1,0.365993693,0.94395745,0.27466114,0.528204094
c1(nc2c([nH]1)cccc2)NC(=O)C(NC(=O)c1cc(cc(c1)OC)OC)C,0.402734131,0.908465,0.27297704,0.528058733
N(C(=O)c1cccc(c1)OC)(C(C)C)CC(=O)Nc1n(cc(n1)c1ccccc1)c1cc(c(cc1)OC)OC,0.32815726,0.94297546,0.312739166,0.527957296
c1(nc2c(s1)cc(NC(=O)CC)cc2)SCC(=O)Nc1c(C(F)(F)F)cccc1,0.430009291,0.7088609,0.444928932,0.527933032
n12-c3c(NC4(c1ccc2)CCN(C(=O)c1ccc(cc1)CC)CC4)cc(cc3)OC,0.354767624,0.7207993,0.507202801,0.527589917
c1(c(NC(=O)c2cc(c(cc2)OCC)OCC)c2c(o1)cccc2)C(=O)Nc1ccc(cc1)OCC,0.367855998,0.9619972,0.252093755,0.527315655
n1(nc(ccc1=O)SCC(=O)Nc1cc(C(=O)C)ccc1)c1ccc(cc1)OC,0.342576194,0.9160662,0.323079124,0.527240516
S1(=O)(=O)N(C(=CC(=N1)c1cc(OC)ccc1)C(=O)Nc1cc(C(=O)C)ccc1)C,0.283953453,0.935461,0.361835554,0.52708333
n12c(n(c(=O)c3c2cccc3)CCC(=O)NC(CC)C)nn(c1=O)Cc1cc(OC)ccc1,0.404365173,0.7145526,0.462234379,0.527050711
n1c([nH]c2c1cccc2)CCc1ccc(NC(=O)NCc2cc(OC)ccc2)cc1,0.335180782,0.8679023,0.377748547,0.526943869
N(C(=O)c1csc(n1)NC(=O)c1cccc(c1)F)CC(C)C,0.378950348,0.92113876,0.280708436,0.526932516
c1(c(cc(C(=O)NCc2ccc(cc2)OC)cc1OC)OC)OC,0.363913308,0.74456346,0.472259978,0.526912249
C(=O)(Nc1cc(C(=O)C)ccc1)CCC(=O)c1ccc(cc1)OC,0.394694806,0.7758039,0.409313993,0.526604241
C12(C(=O)Nc3c1cc(cc3)OC)CN(C(=O)c1ccc(cc1)C)CC2,0.281131835,0.87494993,0.423452629,0.526511465
c1(NC(=O)c2ccc(cc2)OC)nc(CC(=O)Nc2ccc(C(=O)N)cc2)cs1,0.451555523,0.8956086,0.231834952,0.526333026
N1=C(CC(C(=O)Nc2ccc(cc2)C)O1)c1cc(c(c(c1)OC)OC)OC,0.306139809,0.7721042,0.5,0.526081337
c1(n(c(=O)cc(n1)C)CC(=O)Nc1ccc(C(=O)OC)cc1)n1nc(cc1C)C,0.329462883,0.8027636,0.445907591,0.526044685
C(c1cc(N2CCN(C(=O)CC(c3c[nH]c4c3cccc4)c3cc(OC)ccc3)CC2)ccc1)(F)(F)F,0.419284157,0.7647376,0.393794359,0.525938707
c1(c([nH]c2c1cccc2)c1ccc(cc1)Cl)NC(=O)Nc1cc(ccc1OC)OC,0.39906836,0.8680536,0.310283432,0.525801802
c1(nsc2c1cccc2)C(=O)Nc1cc(C(=O)NCc2ncccc2)ccc1,0.411900194,0.92495424,0.238952344,0.525268925
c1cc(C(=O)N2CCN(C(C(=O)NCCc3ccccc3)C3CCCC3)CC2)cc(c1)OC,0.348175879,0.82272243,0.404783103,0.525227139
c1(c(NC(=O)c2ccc(cc2)Cl)c2c([nH]1)cccc2)C(=O)NCc1ccc(cc1)OC,0.427963306,0.7468094,0.400784374,0.525185701
n1(c(nc(cc1=O)CC)N)CC(=O)NCc1ccc(cc1)OC,0.351318779,0.9276786,0.296067382,0.525021582
n1(c(nc(cc1=O)C)N1CCOCC1)CC(=O)Nc1cc(F)ccc1,0.341247189,0.9006672,0.332558096,0.524824159
N1(C(=O)c2ccc(cc2)Cl)c2c(CC1)cc(CNC(=O)c1cc(cc(c1)OC)OC)cc2,0.354188607,0.78792167,0.43145947,0.524523248
C(=O)(N1CCC(C(=O)NCc2ccc(Cl)cc2)CC1)c1cc(F)ccc1,0.364966994,0.9068354,0.301242066,0.524348146
C(=O)(C(NC(=O)c1cc(OC)ccc1)C1CCN(C(=O)c2ccccc2)CC1)N1CCOCC1,0.424364732,0.8472264,0.301248929,0.524280014
c1cccc(NC(=O)c2csc(n2)c2ccc(OCc3cc(cc(c3)F)F)cc2)c1,0.470855852,0.6349241,0.466732193,0.52417072
n1c(onc1c1c(Cl)cccc1)[C@H]1N(C(=O)Cc2cc(F)ccc2)CCC1,0.353912858,0.7976233,0.420914924,0.524150353
n1c2n(c(cc1N1CCN(C(=O)Cc3cc(cc(c3)OC)OC)CC1)C)cnn2,0.331459431,0.7305047,0.509449421,0.523804515
c1(ncn(n1)CC(=O)Nc1cc(OC)ccc1)NC(=O)c1ccccc1,0.338686185,0.92306095,0.309355077,0.523700739
n12c(ncn2)nc(cc1Sc1ccc(NC(=O)c2cc3c(OCO3)cc2)cc1)C,0.398266908,0.84021616,0.331018517,0.523167195
c1(sc2c(c1Cl)cccc2)C(=O)Nc1cc2N(C(=O)COc2cc1)C,0.403978198,0.7693293,0.39602339,0.523110299
c12nc(cn1cccn2)c1cc(NC(=O)c2cc(C(F)(F)F)ccc2)c(cc1)C,0.35855144,0.7026593,0.507868332,0.523026361
n1c(nccc1Nc1cc(C(=O)NCc2ccc(cc2)OC)ccc1)c1ccc(cc1)C,0.35960513,0.8612821,0.348059402,0.522982214
c1(nc2c(s1)cccc2)NC(=O)c1cc(OC)ccc1,0.462556618,0.680278,0.426098591,0.522977737
c1(nc2c(s1)cc(NC(=O)CCc1ccccc1)cc2)SCC(=O)Nc1ccccc1,0.465368763,0.62052095,0.483003004,0.522964239
c1(c(NC(=O)c2ccc(cc2)Cl)c2c([nH]1)cccc2)C(=O)NCc1cc(c(cc1)OC)OC,0.40494212,0.7662006,0.396416316,0.522519679
c1(cc(ncn1)c1ccc(cc1)C)Nc1ccc(C(=O)NCc2ccc(cc2)OCCC)cc1,0.364428443,0.9036262,0.29934357,0.522466072
C(=O)(c1cc(C(=O)NCc2ccc(cc2)OC)ccc1)NCc1ccc(cc1)OC,0.370594808,0.74031305,0.456421957,0.522443273
c1(nc2c([nH]1)cccc2)NC(=O)C(NC(=O)c1cc(c(c(c1)OC)OC)OC)CCC,0.46317044,0.76566136,0.338312277,0.522381358
c1(n2c(nn1)cccc2)NC(=O)c1cc(F)ccc1,0.410445335,0.89074785,0.265851366,0.522348182
c1(c(NC(=O)c2nnsc2)c2c(o1)cccc2)C(=O)Nc1cc(Cl)ccc1,0.404337333,0.7973923,0.365176925,0.522302189
C(=O)(Nc1cc(C(=O)OCCCC)ccc1)C(Oc1ccc(cc1)OC)C,0.399987722,0.70477813,0.461924255,0.522230037
[nH]1cc(c2c1cccc2)CCNC(=O)Nc1ccccc1,0.363537253,0.84826946,0.354146698,0.521984471
n1c([nH]c2c1cc(C(=O)NCc1ccc(cc1)CC)cc2)CCc1ccc(NC(=O)C)cc1,0.33455665,0.8345145,0.396593406,0.521888185
n1c(onc1c1cc(F)ccc1)C1N(C(=O)Nc2cc(F)ccc2)CCC1,0.445094068,0.77026826,0.350289448,0.521883926
c1(=O)n(c(cc(=O)n1C)NC(=O)c1ccc(S(=O)(=O)N(CC)CC)cc1)C,0.341759449,0.7299896,0.49307807,0.521609036
S(=O)(=O)(c1c(ncc(c1)Br)N)N(CC(=O)NCc1ccc(cc1)OC)C,0.371679193,0.7873769,0.405532525,0.521529533
c1(sc2c(c1Cl)cccc2)C(=O)Nc1cc(c2nc3c(o2)cccn3)ccc1,0.428339451,0.7658381,0.370363098,0.521513545
c1(nc2c(s1)cc(NC(=O)c1cnccc1)cc2)NC(=O)c1ccccc1,0.59659884,0.58397645,0.383843101,0.521472796
c12nc(cn1cccn2)c1cc(NC(=O)c2cc(c(cc2)OCC)OCC)ccc1,0.366771444,0.7050915,0.491281697,0.521048206
C(=O)(C(=O)NCCc1c[nH]c2c1cccc2)Nc1ccccc1,0.351942909,0.85474443,0.356330004,0.521005782
n1c2n(c(cc1N1CCN(C(=O)c3ccc(cc3)OC)CC1)C)cnn2,0.325039802,0.6665836,0.571360234,0.520994544
c12n(c(cc(n1)N1CCN(C(=O)Cc3ccc(cc3)C)CC1)C)c(nn2)C,0.333004746,0.85170954,0.378263238,0.520992509
n12c(n(c(=O)c3c1cn(n3)C)Cc1ccc(cc1)C)nn(c2=O)Cc1ccc(cc1)C,0.319898516,0.7720125,0.471021196,0.520977395
c1(nc2c(s1)cc(NC(=O)C(C)(C)C)cc2)SCC(=O)Nc1cc(cc(c1)C)C,0.434688365,0.6393815,0.488710502,0.520926798
C12(C(=O)Nc3c1cc(cc3)OC)CN(C(=O)c1cc(cc(c1)OC)OC)CC2,0.293782289,0.9663165,0.302657577,0.520918796
c12n(c(=O)cc(n2)c2ccc(cc2)OC)c2c(n1CC(=O)Nc1cc(c(cc1)OC)OC)cccc2,0.352747772,0.8696559,0.340269596,0.520891092
S(=O)(=O)(/N=C(\NC1CC1)/Nc1cc(c(cc1)OC)OC)C,0.322332925,0.82053924,0.419593748,0.52082197
C(c1cc(N2CCN(C(=O)CC(c3c[nH]c4c3cccc4)c3ccc(cc3)OC)CC2)ccc1)(F)(F)F,0.422127009,0.7476865,0.39169254,0.520502018
n1(c(nc2c(c1=O)cccc2)SCC(=O)Nc1[nH]cnn1)c1c(cc(cc1)OC)OC,0.350684158,0.74968004,0.460993104,0.520452435
c12nc(cn1cccn2)c1cc(NC(=O)Nc2cc(Cl)ccc2)c(cc1)OC,0.398123512,0.6893201,0.472957812,0.520133804
c1(n(c2c(n1)cccc2)CC(=O)Nc1cc(C(=O)C)ccc1)SCC(=O)Nc1ccc(cc1)OC,0.365103979,0.9329835,0.262238222,0.520108573
c1(NC(=O)c2cc(cc(c2)OC)OC)nc(CC(=O)Nc2ccc(Oc3ccccc3)cc2)cs1,0.430412761,0.95966804,0.1699224,0.520001067
c1(c(NC(=O)c2ccc(cc2)OC)c2c(o1)cccc2)C(=O)Nc1ccc(cc1)OC,0.361415328,0.908405,0.289022283,0.519614206
n1c(onc1c1c(Cl)cccc1)[C@H]1N(C(=O)Cc2ccccc2)CCC1,0.319054191,0.87083745,0.368315431,0.519402357
n1c(oc2c1ccc(C(=O)N1CCC(CC(=O)NCc3ccc(cc3)OCC)CC1)c2)c1ccccc1,0.389223214,0.7064754,0.462269691,0.519322761
c1(c[nH]c2c1cccc2)CC(NC(=O)Oc1ccccc1)C(=O)OCC(=O)c1ccccc1,0.436306103,0.78628695,0.335194929,0.519262661
C12(C(=O)Nc3c1cccc3)CN(C(=O)Nc1cc(F)ccc1)CC2,0.360222989,0.8027206,0.394619796,0.519187797
N1(C(=O)C(NC(=O)Nc2c(c(Cl)ccc2)C)c2ccccc2)c2c(CC1)cccc2,0.412743674,0.80916035,0.335200379,0.519034802
C(=O)(NC1CCN(Cc2ccccc2)CC1)c1cc(Nc2nnc(c3cc(F)ccc3)cc2)ccc1,0.403908043,0.7817339,0.371056583,0.518899499
S(=O)(=O)(c1cc(c2n[nH]c(=O)cc2)ccc1Cl)N1CCOCC1,0.317773659,0.7930408,0.445675168,0.51882988
C(=O)(c1nccnc1)Nc1cc(Cl)ccc1,0.462653022,0.83633596,0.257425076,0.518804685
c1(n2c(nn1)cccc2)NC(=O)NCc1cc(F)ccc1,0.357061553,0.902978,0.295951618,0.518663724
n1(nnc2c(c1=O)cccc2)COC(=O)c1cc(cc(c1)OC)OC,0.359990565,0.84109753,0.354641629,0.518576576
c1c(=O)n(ncc1N1CCC(C(=O)NC(c2cc(OC)ccc2)C)CC1)Cc1ccccc1,0.325518679,0.88036174,0.349791934,0.518557449
n12c(nc(n2)c2cnccc2)nc(cc1Nc1cc(C(=O)Nc2nccs2)ccc1)C,0.361200297,0.97759557,0.216600784,0.51846555
c1cc(C(=O)N2CCC(CC2)C(C(=O)N2CCCCC2)NC(=O)c2ccccc2)cc(c1)OC,0.402617263,0.89470315,0.257167395,0.518162603
c12nc(cn1cccn2)c1cc(NC(=O)c2cc(ccc2)C)c(cc1)C,0.353228575,0.84098554,0.360123233,0.518112448
c1(sc2c(c1Cl)cccc2)C(=O)Nc1ccc(C(=O)OCC)cc1,0.412040825,0.65458465,0.487677729,0.518101067
n1c(noc1CCCC(=O)Nc1cc(F)ccc1)c1ccc(cc1)Cl,0.382062975,0.83329993,0.33865042,0.518004443
n12c(ncn2)nc(cc1Sc1ccc(NC(=O)c2cc(cc(c2)OC)OC)cc1)CC,0.365042717,0.91463923,0.2741454,0.517942451
c1(c(NC(=O)c2ccc(cc2)OC)c2c(o1)cccc2)C(=O)Nc1ccc(cc1)OCC,0.364364415,0.93877405,0.248815244,0.517317903
c1(c(NC(=O)c2ccc(cc2)OCC)c2c(o1)cccc2)C(=O)Nc1ccc(cc1)OC,0.364364415,0.93877405,0.248815244,0.517317903
c1(c(NC(=O)c2cc(OC)ccc2)c2c(o1)cccc2)C(=O)Nc1ccc(cc1)OCC,0.402366674,0.91715044,0.232426463,0.517314525
c12n(c(=O)n(n2)CC(=O)Nc2cc(Cl)ccc2)ccc(n1)Nc1ccc(cc1)C,0.37712759,0.81691724,0.35751777,0.517187534
C(=O)(N1CCN(Cc2c3c(ccc2)cccc3)CC1)c1cc(OC)ccc1,0.347336526,0.82748526,0.376108304,0.516976698
C(=O)(NCc1ccc(Cl)cc1)c1ccc(NC(=O)CC)cc1,0.353404312,0.8314627,0.365841263,0.516902752
c1(ncc(c2cc(C(=O)NCc3ccc(cc3)C)ccc2)cn1)Oc1cc(OC)ccc1,0.396428318,0.78640145,0.367532754,0.516787508
S(=O)(=O)(c1c(=O)[nH]c(=O)[nH]c1C)N1CCC(C(=O)Nc2nc3c(s2)cc(cc3)OC)CC1,0.457524561,0.49233103,0.600363164,0.516739584
c12nc(cn1cccn2)c1cc(NC(=O)c2cc(cc(c2)OC)OC)c(cc1)OC,0.383342563,0.65594625,0.510763514,0.516684111
n1c(nccc1Nc1ccc(C(=O)NC(c2cc(OC)ccc2)C)cc1)c1ccccc1,0.472109556,0.69592375,0.381538812,0.516524038
c1(nc2c([nH]1)cccc2)NC(=O)C(NC(=O)Cc1cc(F)ccc1)CCC,0.400137444,0.8098024,0.339610446,0.516516767
S1(=O)(=O)N(C(=CC(=N1)c1ccc(cc1)OC)C(=O)Nc1ccc(C(=O)C)cc1)C,0.288789991,0.8570809,0.403101332,0.516324067
C(C(=O)N1CCC(CC1)C(C(=O)N1CCCCC1)NC(=O)c1ccc(cc1)OC)OC,0.354442921,0.88633955,0.307975366,0.516252611
N(C(=O)c1sccc1)c1ccc(N(C)C)c(CN(C(=O)c2ccc(cc2)OC)C(c2ccccc2)C)c1,0.330443953,0.9231582,0.294544633,0.516048938
c1(c(NC(=O)c2ccc(OC(C)C)cc2)c2c(o1)cccc2)C(=O)Nc1cc(OC)ccc1,0.386124013,0.86368525,0.298103092,0.515970785
c1(noc(c1)c1cc(OC)ccc1)C(=O)Nc1ccc(C(=O)C)cc1,0.342253789,0.8439165,0.361174976,0.515781747
n12c(nc(n2)c2cnccc2)nc(cc1Nc1ccc(C(=O)Nc2nccs2)cc1)CCC,0.391821525,0.9576935,0.196567334,0.515360792
c1(C(=O)N2CCC(CC2)C(C(=O)NCCC)NC(=O)c2ccc(cc2)OC)ccc(cc1)C,0.381121378,0.7092575,0.454819632,0.515066165
c1(cc(ncn1)c1ccc(C(=O)NCc2cc(OC)ccc2)cc1)N1CCOCC1,0.304194384,0.83209157,0.40872588,0.515003945
C(=O)(Nc1cnc(N2CCN(Cc3ccc(cc3)OC)CC2)cc1)c1cc(F)ccc1,0.360894803,0.79663885,0.386651286,0.514728312
c1(nc2c([nH]1)cccc2)NC(=O)C(NC(=O)Cc1cc(c(cc1)OC)Cl)C(C)C,0.390378802,0.798133,0.355464086,0.514658635
S(=O)(=O)(N(CC(=O)NC(CC)C)CCc1ccccc1)c1ccc(cc1)OC,0.331597059,0.85552794,0.356774266,0.514633087
S(=O)(=O)(/N=C(/Nc1ccc(cc1)OCC)\NCc1ccc(OC(C)C)cc1)C,0.38247626,0.8033898,0.357289674,0.51438524
c1(ncc(c2cc(ccc2)C)cn1)Nc1cc(C(=O)NCc2ccc(cc2)OC)ccc1,0.361843922,0.8630671,0.317830965,0.514247326
c1(sc(nn1)C(=O)NCc1cc(c(cc1)OC)OC)C(=O)Nc1ccc(cc1)OC,0.368066732,0.7683337,0.406243441,0.514214616
c12n(c(=O)n(n2)CC(=O)NCc2ccc(cc2)OC)ccc(n1)N1CCOCC1,0.30729134,0.78028387,0.454931697,0.514168968
C(=O)(c1ccc(NC(=O)COc2ccccc2)cc1)OCCCC,0.422085342,0.7705531,0.34962535,0.514087935
c1(c2c(-c3c(CC2)cc(cc3)OC)on1)C(=O)Nc1ccc(C(=O)C)cc1,0.344586508,0.809992,0.387622561,0.514067028
n12c(nc(n2)CN2CCN(c3ccc(cc3)C)CC2)nc(cc1N1CCOCC1)C,0.280442056,0.8484508,0.413201521,0.514031452
n1nc(Nc2cc(C(=O)NCc3ccc(cc3)OCCC)ccc2)ccc1c1ccccc1,0.432715285,0.7522488,0.356981459,0.513981856
c1(nc2c(s1)cc(cc2)C)NC(=O)c1ccc(cc1)c1ccccc1,0.582785106,0.46817657,0.490131087,0.513697589
c1(nc2c(s1)cc(NC(=O)C(Oc1ccccc1)C)cc2)SCC(=O)Nc1ccccc1,0.436207072,0.7163461,0.388495361,0.513682839
c1(sc2c(c1Cl)cccc2)C(=O)Nc1nc(cc(c1)C)C,0.418910907,0.6540843,0.46804704,0.513680757
n1(c(cc2c1cccc2)c1ccc(cc1)OC)CC(CN1CCN(Cc2ccccc2)CC1)O,0.307719628,0.91763467,0.315437928,0.513597407
n12c(n(c(=O)c3c1ccs3)CC(C)C)nn(c2=O)CC(=O)Nc1cc(cc(c1)OC)OC,0.285683013,0.9327599,0.322118827,0.513520574
n12c(nc(cc2C)Nc2ccccc2)nn(c1=O)Cc1ccc(cc1)OC,0.368932064,0.65003896,0.521384875,0.513451965
c1(ncc(c2cc(C(=O)NCc3ccc(cc3)OC)ccc2)cn1)Oc1cc(OC)ccc1,0.450350141,0.6639166,0.425990047,0.513418925
C(=O)(c1cnc(C(=O)Nc2cc(C(=O)C)ccc2)cc1)Nc1cc(C(=O)C)ccc1,0.369771635,0.75448424,0.415921963,0.513392611
n12c(n(c(=O)c3c1ccs3)CCCC)nn(c2=O)CC(=O)Nc1cc(C(=O)C)ccc1,0.29789269,0.97843826,0.262666282,0.512999077
c1(nc2c([nH]1)cccc2)c1cc(NC(=O)COc2ccccc2)c(cc1)Cl,0.336424637,0.8323899,0.369985137,0.512933222
c1(ncc(c2cc(F)ccc2)cn1)Nc1cc(C(=O)NCc2cc(c(cc2)OCC)OCC)ccc1,0.418192907,0.85366946,0.266738282,0.512866885
N(S(=O)(=O)c1ccc(cc1)OC)(C(C)C)CC(=O)Nc1n(cc(n1)c1ccccc1)c1cc(c(cc1)OC)OC,0.312652401,0.9049791,0.320507525,0.512713012
C(=N\c1cc(C(=O)O)ccc1)(/N1CCN(CC(=O)N(CC)CC)CC1)\NCc1cc(OC)ccc1,0.350328531,0.8088455,0.378538392,0.512570814
c1(n2c(nn1)cccc2Cl)NC(=O)Nc1cc(C(F)(F)F)ccc1,0.37027284,0.6156883,0.551660793,0.512540652
c1(nc2c([nH]1)cccc2)N1CCC(C(=O)NCCc2c3c([nH]c2)ccc(c3)Cl)CC1,0.418214883,0.9212223,0.197996709,0.512477974
C(=O)(c1cnc(c2cscc2)cc1)Nc1ccc(cc1)OC,0.3350135,0.89002705,0.312166466,0.512402337
S(=O)(=O)(N1CCC(C(=O)Nc2cc3c(c(sc3cc2)C(=O)OC)OC)CC1)N1CCOCC1,0.33905809,0.70912606,0.488646046,0.51227673
c1(c([nH]c2c1cccc2)c1ccc(cc1)Cl)NC(=O)Nc1cc(cc(c1)OC)OC,0.361978358,0.7925231,0.382174526,0.512225323
c1(c2c([nH]c1)ccc(c2)OC)C(c1cc(C(F)(F)F)ccc1)CC(=O)NCCOC,0.370989274,0.74401313,0.421430338,0.512144248
S(=O)(=O)(N1CCC(C(=O)NCc2cc3c(N(C(=O)c4ccccc4)CC3)cc2)CC1)N1CCCC1,0.355775902,0.7997445,0.380794497,0.512104962
n1n(c2c(c1CNC(=O)c1cc(OC)ccc1)cccc2)C,0.349309268,0.8166772,0.369923412,0.511969964
C(=O)(N1CCN(Cc2c(cc(cc2)OC)OC)CC1)c1cc(F)ccc1,0.367464764,0.7878375,0.380605727,0.511969332
C(=O)(c1cnc(C(=O)Nc2ccc(cc2)OC)cc1)Nc1ccc(cc1)OC,0.343330351,0.7908139,0.400874957,0.511673077
n1c2n(c(cc1N1CCN(C(=O)c3cc(C(F)(F)F)ccc3)CC1)CC)cnn2,0.373772308,0.6086469,0.552566897,0.511662045
c1(nnc(s1)CCC(=O)NCCc1c[nH]c2c1cccc2)C(=O)Nc1ccccc1,0.356824804,0.8021207,0.375780364,0.511575285
c1([nH]c2c(c1)cc(cc2)Cl)C(=O)NC1CC1,0.442195874,0.592342,0.5,0.511512631
S1(=O)(=O)N(C(=CC(=N1)c1c(ccc(c1)OC)OC)C(=O)Nc1cc(C(=O)C)ccc1)C,0.29106762,0.8990194,0.343883756,0.511323598
C(=O)(N1c2c(cccc2)CCCC1)Nc1ccc(C(=O)NC2CCN(Cc3ccccc3)CC2)cc1,0.395767402,0.7086055,0.429455972,0.5112763
c1(c(nc2n1cc(cc2)C)c1c[nH]c2c1cccc2)Nc1ccc(cc1)OC,0.402964331,0.7780512,0.3524285,0.511148009
n1c(NC(=O)c2ccc(cc2)OC)cc(nc1OC)OC,0.401933875,0.5991507,0.531917217,0.511000603
c1(nnc(s1)C)C(=O)Nc1cc(C(=O)NCc2cc(Br)ccc2)ccc1,0.396625775,0.7357497,0.399963609,0.510779702
c1(nc2c([nH]1)cccc2)NC(=O)C(NC(=O)c1cc(c(cc1)OC)OC)CCC,0.432518028,0.7883624,0.310923912,0.510601441
c1([nH]c2c(c1)cccc2)c1ccc(NC(=O)CCc2ccc(cc2)OC)cc1,0.426673545,0.71591926,0.388403812,0.510332205
C(=O)(Nc1cc(F)ccc1)Cc1cc(c(cc1)OC)OC,0.327548386,0.8992418,0.302231448,0.50967388
c1(NC(=O)c2cc(F)ccc2)nc(cs1)C,0.412254897,0.82690686,0.289161553,0.509441103
S(=O)(=O)(Nc1ccc(C(=O)NCc2cc(OC)ccc2)cc1)c1ccc(c2cc(F)ccc2)cc1,0.370962842,0.7131814,0.444054553,0.50939959
C(=O)(Nc1cc(c(c(c1)OC)OC)OC)C(Oc1ccccc1)C,0.306189458,0.96484774,0.257098718,0.50937864
n1c(oc2c1ccc(C(=O)N1CCC(CC(=O)NCc3cc(OC)ccc3)CC1)c2)c1ccccc1,0.376329711,0.6991363,0.45248089,0.509315639
n1c(onc1c1ccccc1)C1N(C(=O)Nc2cc(F)ccc2)CCC1,0.478992878,0.7331011,0.315516085,0.509203364
n12c(nc(n2)CN(CCCC)C)nc(cc1N1CCOCC1)C,0.321291741,0.72974104,0.476154089,0.509062289
n1c(onc1c1cc(C(F)(F)F)ccc1)C1N(C(=O)c2nn(cc2)CC)CCC1,0.33559484,0.7941922,0.397232543,0.509006526
c1(nc(NC(=O)c2cc(F)ccc2)sc1)C(=O)NCc1ccccc1,0.407304088,0.8153237,0.303602303,0.508743367
S(=O)(=O)(N1CCCC1)c1ccc(c2cc(C(=O)NCc3ccc(cc3)OC)ccc2)cc1,0.379396839,0.6842875,0.4607886,0.508157643
C(=O)(C(NC(=O)c1cc(OC)ccc1)C1CCN(C(=O)c2ccccc2)CC1)N1CCCC1,0.401110636,0.8783809,0.244617198,0.508036243
C(=O)(N1CCC(C(=O)Nc2cc(c(cc2)OC)OC)CC1)c1cc(c(cc1)OC)OC,0.308719619,0.7261037,0.48887279,0.507898711
n1(c(nc(cc1=O)C)N1CCOCC1)CC(=O)Nc1cc2c(OCO2)cc1,0.364146892,0.8782493,0.281050404,0.507815528
N(C(=O)c1csc(n1)NC(=O)c1cccc(c1)F)(CCC)CCC,0.380253833,0.8360585,0.306997731,0.507770021
N(C(=O)c1ccc(cc1)OC)(CC(C)C)CC(=O)Nc1n(cc(n1)c1ccccc1)c1cc(c(cc1)OC)OC,0.331235735,0.8852922,0.30656675,0.507698219
c1(nc2c(s1)cc(NC(=O)C(C)(C)C)cc2)SCc1ccccc1,0.425115158,0.70561785,0.391722877,0.507485294
S(=O)(=O)(c1cc2sc(nc2cc1)NC(=O)c1cc(ccc1)C)N(C)C,0.49491358,0.56484973,0.462510696,0.50742467
n12c(nc(n2)c2cnccc2)nc(cc1Nc1ccc(C(=O)Nc2ncc(s2)C)cc1)C,0.408038927,0.8630669,0.25041103,0.50717229
n12c(cc(nc1cc(n2)c1ccc(cc1)Cl)c1cc(c(cc1)OC)OC)C(F)(F)F,0.352843258,0.65801924,0.510589362,0.507150622
S(=O)(=O)(N(CC(=O)NC(c1ccccc1)C)c1ccc(cc1)OC)c1cc(c(cc1)OC)OC,0.351240687,0.8230419,0.346784084,0.507022229
n12c(nc(n2)CN2CCN(c3c(ccc(c3)C)C)CC2)nc(cc1N1CCN(CC1)C)C,0.291557989,0.8023356,0.427122476,0.507005362
c12n(c(=O)n(n2)CC(=O)NCc2cc(c(cc2)F)Cl)ccc(n1)Nc1ccc(cc1)C,0.283226158,0.9242826,0.313146055,0.506884941
n12c(ncn2)nc(cc1Sc1ccc(NC(=O)c2ccc(cc2)OC)cc1)CCC,0.403724153,0.81066215,0.306152708,0.506846337
c1(nc2c([nH]1)cccc2)NC(=O)C(NC(=O)c1cc(cc(c1)OC)OC)C(CC)C,0.391961751,0.86514795,0.263307886,0.506805862
n12c(n(c(=O)c3c1cn(n3)C)Cc1ccc(cc1)C)nn(c2=O)Cc1nc(oc1C)c1cc(ccc1)C,0.331859899,0.8652454,0.322967962,0.506691088
S(=O)(=O)(NC1CN(C(=O)c2cc(F)ccc2)CC1)C,0.330467547,0.830015,0.35923955,0.506574034
n1(nc(ccc1=O)c1ccc(cc1)OC)CC(=O)Nc1ccc(N(C)C)cc1,0.344908871,0.73744625,0.437095814,0.506483645
N1=C(CC(=Nc2c1cccc2)SCC(=O)Nc1ccc(C(=O)OCC)cc1)c1cc(OC)ccc1,0.450425797,0.69626284,0.372726904,0.506471846
c1(NC(=O)c2csc(n2)c2cccc(OCc3cccc(c3)C(F)(F)F)c2)ccc(cc1)C,0.466396252,0.5904934,0.462467462,0.506452365
c1(NC(=O)c2ccc(cc2)OC)nc(CC(=O)Nc2cc(c(cc2)OC)OC)cs1,0.430599914,0.86406034,0.224519166,0.506393141
C(=N\c1cc(C(=O)O)ccc1)(\N1CCN(CC(=O)NC(C)C)CC1)/NCc1cc(OC)ccc1,0.376592387,0.7445589,0.39749649,0.506215916
c1(ncc(NC(=O)CC)cn1)c1ccc(cc1)OC,0.382345489,0.75148225,0.384671734,0.50616649
n1c(noc1CCC(=O)Nc1ccc(C(=O)C)cc1)c1cc(c(cc1)OC)OC,0.297702106,0.9092112,0.311125105,0.50601281
S(=O)(=O)(c1ncc(C(=O)Nc2cc(cc(c2)OC)OC)cc1)c1ccc(cc1)OC,0.306960128,0.751603,0.459379242,0.505980793
c12n(c(=O)n(n2)CC(=O)Nc2cc(c(cc2)OC)Cl)ccc(n1)Nc1ccc(cc1)C,0.338913851,0.79487187,0.3829024,0.505562706
C(N(S(=O)(=O)c1ccc(cc1)OC)c1cc(cc(c1)OC)OC)c1ccc(cc1)OC,0.282473126,0.7855898,0.44814952,0.505404153
n1c2n(c(cc1N1CCN(C(=O)c3ccc(cc3)OC)CC1)CC)cnn2,0.332090189,0.65159166,0.532299363,0.50532707
c12n(c(=O)n(n2)CC(=O)Nc2c(cc(cc2)C)C)ccc(n1)Nc1ccc(cc1)C,0.318489696,0.8509169,0.346106249,0.505170956
N1(C(=O)OCc2ccccc2)C(C(=O)Nc2cc(F)ccc2)CCC1,0.494336378,0.5859221,0.434973728,0.505077409
n12c(n(c(=O)c3c1ccs3)CCC(C)C)nn(c2=O)CC(=O)NCc1cc(OC)ccc1,0.306589724,0.9021106,0.306436532,0.505045611
C12(C(=O)Nc3c1cc(cc3)OC)CN(C(=O)c1cc(Br)ccc1)CC2,0.299974666,0.8344628,0.379950365,0.504795951
N1=C(CC(C(=O)Nc2cc(c(c(c2)OC)OC)OC)O1)c1ccc(cc1)F,0.265860687,0.8129513,0.435021115,0.504611043
S1(=O)(=O)N(C(=CC(=N1)c1cc(OC)ccc1)C(=O)Nc1ccc(C(=O)C)cc1)C,0.248481212,0.9092051,0.355935722,0.504540671
n1(c(nc(n1)c1ccccc1)NCc1ccc(cc1)OC)C(=O)c1cc(c(cc1)OC)OC,0.357497254,0.89105755,0.264908216,0.504487674
c1([nH]c2c(c1)cc(cc2)Cl)c1ccc(NC(=O)CCCC)cc1,0.355521111,0.73421925,0.423671542,0.504470635
S(=O)(=O)(/N=C(/Nc1ccccc1)\NCc1cc(OC)ccc1)C,0.403342232,0.7418018,0.367574678,0.504239569
C12(c3c(c4c([nH]3)ccc(c4)OC)CCN1C(=O)c1ccc(cc1)C)C(=O)Nc1c2cccc1,0.380536543,0.6660402,0.465813802,0.504130176
n12c(nnc1ccc(n2)SCC(=O)Nc1nc(cs1)C)c1ncccc1,0.32115453,0.88623565,0.304777381,0.504055855
c1(c([nH]c2c1cccc2)c1ccc(cc1)F)NC(=O)Nc1cc(cc(c1)OC)OC,0.33475746,0.80335474,0.374012182,0.504041461
N1=C(CC(C(=O)Nc2c(C(F)(F)F)cccc2)O1)c1cc(OC)ccc1,0.373302772,0.7596709,0.379115621,0.504029769
c1(nc2c([nH]1)cccc2)NC(=O)C(NC(=O)Cc1c(cc(cc1)OC)Cl)CCC,0.38141964,0.8650014,0.265285293,0.503902104
S(=O)(=O)(N1CC(C(=O)NCc2cc3c(N(C(=O)c4ccccc4)CC3)cc2)CCC1)N1CCCC1,0.34473872,0.8166258,0.350218288,0.503860927
c1(nc(C(F)(F)F)cc(n1)c1ccc(cc1)OC)SCC(=O)Nc1cc(C(=O)C)ccc1,0.347706432,0.73865396,0.425066421,0.503808937
S(=O)(=O)(NC(c1ccc(cc1)OC)c1ccccc1)c1cc2c(cc1)cccc2,0.391588599,0.7437026,0.375952898,0.503748029
C(=O)(N1CCC(C(=O)Nc2cc(C(=O)C)ccc2)CC1)c1cc(OC)ccc1,0.335136836,0.7670582,0.409010753,0.503735261
C(=O)(c1cnc(c2cncnc2)cc1)Nc1cc(cc(c1)OC)OC,0.309939214,0.9367383,0.264479143,0.50371889
C(=N\c1ccc(C(=O)O)cc1)(/N1CCN(Cc2cc(F)ccc2)CC1)\NCc1ccc(cc1)C,0.333950935,0.90534586,0.27182719,0.503707994
n1c(CC(=O)NCCc2c[nH]c3c2cccc3)csc1COc1ccccc1,0.418766973,0.8299559,0.2620632,0.50359535
S(=O)(=O)(c1cc(ccc1OC)OC)Nc1cc(c2nc3c(cc2)cccc3)ccc1,0.349792382,0.81238234,0.348360451,0.503511725
C(=O)(c1cnc(c2cc(F)ccc2)cc1)Nc1ccc(F)cc1,0.375594924,0.7699084,0.364788835,0.503430729
c1(cc(ncn1)c1ccccc1)Nc1ccc(C(=O)NCc2ccc(cc2)OCCC)cc1,0.395268478,0.8328338,0.282033129,0.503378478
c1(nc2c(s1)cc(cc2)C)NC(=O)c1cc(Cl)ccc1,0.51142146,0.5836021,0.414766254,0.503263262
N1(C(=NCC1)N1CCN(c2c(F)cccc2)CC1)C(=O)c1cc(F)ccc1,0.364719265,0.67899674,0.465782552,0.503166186
n1c(noc1CCCC(=O)Nc1ccc(C(=O)C)cc1)c1ccc(cc1)OC,0.3584618,0.78498405,0.36586919,0.503105014
S(=O)(=O)(/N=C(/Nc1cc(c(cc1)OC)OC)\NCc1cc(Br)ccc1)C,0.325646149,0.7870496,0.396588895,0.503094878
c1(CNC(=O)c2n3nc(cc3nc(c2)c2ccccc2Cl)c2ccccc2)ccccc1,0.333847408,0.7400267,0.434312902,0.502729007
c1(c(NC(=O)c2cc(c(cc2)OC)OC)c2c(o1)cccc2)C(=O)Nc1cc(OC)ccc1,0.369943349,0.87281394,0.264916452,0.502557914
n12c(n(c(=O)c3c1cn(n3)C)Cc1ccc(cc1)C)nn(c2=O)Cc1nc(oc1C)c1ccc(cc1)C,0.332845644,0.81853414,0.356082647,0.502487476
S(=O)(=O)(N(CC(=O)NCc1ccc(cc1)OC)Cc1ccccc1)c1ccccc1,0.395174197,0.6901135,0.421813247,0.502366976
c1(NC(=O)C2CC2)nc(CC(=O)Nc2cc(F)ccc2)cs1,0.356750457,0.8804343,0.268987348,0.50205736
n12c(nc(n2)CN2CCN(CC2)C(C)C)nc(cc1N1CCOCC1)C,0.311988606,0.7773215,0.416678689,0.501996271
c1(S(=O)(=O)N2CCC(CC2)C(C(=O)NCc2ccccc2)NC(=O)c2ccccc2)ccc(cc1)OC,0.442351505,0.68757164,0.37567886,0.501867337
S(=O)(=O)(c1ccc(cc1)OC)CCC(=O)Nc1cc(C(=O)C)ccc1,0.331297216,0.83370334,0.340100933,0.501700496
c1(C(=O)N2CCC(CC2)C(C(=O)N2CCCCC2)NC(=O)c2ccccc2)ccc(cc1)OC,0.374539151,0.84494174,0.285178956,0.501553281
c1(C(=O)N2CCC(CC2)C(C(=O)N2CCCCC2)NC(=O)c2ccc(cc2)OC)ccccc1,0.374539151,0.84494174,0.285178956,0.501553281
n12c(nc(cc2C)Nc2ccc(cc2)C)nn(c1=O)CCCC,0.345411437,0.6932802,0.465355122,0.501348926
n12-c3c(NC4(c1ccc2)CCN(C(=O)c1cc(c(cc1)OC)OC)CC4)ccc(c3)Cl,0.31995066,0.7711444,0.412732608,0.501275886
n12c(c(c(nc1ncn2)C)CCC)Sc1ccc(NC(=O)c2cc(F)ccc2)cc1,0.43030499,0.79814935,0.274754894,0.501069744
S(=O)(=O)(c1cc2c(oc(=O)cc2)cc1)Nc1ccc(cc1)OC,0.328917607,0.8974318,0.276821507,0.501056968
c12nc(cn1cccn2)c1cc(NC(=O)c2ccc(C(F)(F)F)cc2)ccc1,0.423372129,0.43338817,0.646263173,0.501007825
n1(c(nc(n1)c1occc1)NCc1ccc(OCc2ccccc2)cc1)C(=O)c1cc(Cl)ccc1,0.434184144,0.8052649,0.263424717,0.500957917
C(=O)(C(C(F)(F)F)C(F)(F)F)Nc1cc(C(F)(F)F)ccc1,0.367297564,0.6352365,0.5,0.500844689
c1(nc2c(s1)ccc(c2)NC(=O)NCc1ccc(cc1)C)NC(=O)c1ccccc1,0.447682705,0.69742006,0.357372284,0.500825017
c1(c(c2c([nH]1)ccc(c2)C)NC(=O)c1ccc(cc1)C)C(=O)NCc1cc(c(cc1)OC)OC,0.321923543,0.76311076,0.417243994,0.500759431
c12n(c(=O)n(n2)CC(=O)Nc2cc(c(cc2)C)F)ccc(n1)Nc1ccc(cc1)C,0.355470568,0.79892147,0.347810217,0.500734084
C(=O)(N1C(COc2ccc(C(=O)N3CCCC3)cc2)CCC1)Cc1cc(F)ccc1,0.332645833,0.7790907,0.390049074,0.500595203
N(C(=O)c1cccc(c1)OC)(C(C)C)CC(=O)Nc1n(cc(n1)c1ccc(cc1)Cl)c1cc(c(cc1)OC)OC,0.287105477,0.90122145,0.313419419,0.500582117
C(=O)(C(=O)NCCc1cc(c(cc1)OC)OC)Nc1ccc(cc1)OC,0.301084471,0.81257313,0.388004208,0.500553938
C(=O)(N1CCC(C(=O)Nc2ccccc2)CC1)c1cc(F)ccc1,0.433299342,0.6140996,0.453753919,0.500384294
o1c(nc(n1)c1cccc(OCc2cc(F)ccc2)c1)c1ccc(cc1)Cl,0.34555428,0.78044885,0.37489598,0.500299704
S(=O)(=O)(N(CC(=O)N1CCNCC1)Cc1ccc(cc1)CC)c1ccc(cc1)OC,0.368939805,0.7421811,0.389376023,0.50016565
c1(c(=O)n(Cc2cc(F)ccc2)ccc1)C(=O)Nc1nc2c(s1)cccc2,0.404100624,0.6829635,0.413378469,0.500147528
C1(=CSCCO1)C(=O)Nc1cc(C(=O)NC2CCN(Cc3ccccc3)CC2)ccc1,0.425604448,0.6258614,0.448959054,0.500141636
