"Target","Common name","Uniprot ID","ChEMBL ID","Target Class","Probability*","Known actives (3D/2D)"
"Histone deacetylase 6","HDAC6","Q9UBN7","CHEMBL1865","Eraser","0.106542925976","22 /  19     "
"Histone deacetylase 1","HDAC1","Q13547","CHEMBL325","Eraser","0.106542925976","54 /  18     "
"Casein kinase I delta","CSNK1D","P48730","CHEMBL2828","Kinase","0.106542925976","16 /  51     "
"Corticotropin releasing factor receptor 1","CRHR1","P34998","CHEMBL1800","Family B G protein-coupled receptor","0.106542925976","151 /  0     "
"Cannabinoid receptor 1","CNR1","P21554","CHEMBL218","Family A G protein-coupled receptor","0.106542925976","894 /  0     "
"Histone deacetylase 4","HDAC4","P56524","CHEMBL3524","Eraser","0.106542925976","6 /  0     "
"Histone deacetylase 9","HDAC9","Q9UKV0","CHEMBL4145","Eraser","0.106542925976","5 /  0     "
"Sonic hedgehog protein   (by homology)","SHH","Q15465","CHEMBL5602","Unclassified protein","0.106542925976","12 /  0     "
"NAD-dependent deacetylase sirtuin 2","SIRT2","Q8IXJ6","CHEMBL4462","Eraser","0.106542925976","18 /  0     "
"Cannabinoid receptor 2","CNR2","P34972","CHEMBL253","Family A G protein-coupled receptor","0.106542925976","743 /  0     "
"Isocitrate dehydrogenase [NADP] cytoplasmic","IDH1","O75874","CHEMBL2007625","Enzyme","0.106542925976","106 /  0     "
"Carnitine O-palmitoyltransferase 1, liver isoform","CPT1A","P50416","CHEMBL1293194","Enzyme","0.106542925976","47 /  0     "
"Anandamide amidohydrolase","FAAH","O00519","CHEMBL2243","Enzyme","0.106542925976","173 /  0     "
"GABA-A receptor; alpha-3/beta-3/gamma-2","GABRB3 GABRA3 GABRG2","P28472 P34903 P18507","CHEMBL2094120","Ligand-gated ion channel","0.106542925976","35 /  0     "
"GABA-A receptor; alpha-2/beta-3/gamma-2","GABRA2 GABRB3 GABRG2","P47869 P28472 P18507","CHEMBL2094130","Ligand-gated ion channel","0.106542925976","37 /  0     "
"GABA-A receptor; alpha-1/beta-2/gamma-2","GABRA1 GABRB2 GABRG2","P14867 P47870 P18507","CHEMBL2095172","Ligand-gated ion channel","0.106542925976","12 /  0     "
"Tyrosine-protein kinase JAK3","JAK3","P52333","CHEMBL2148","Kinase","0.106542925976","31 /  0     "
"Tyrosine-protein kinase ABL","ABL1","P00519","CHEMBL1862","Kinase","0.106542925976","101 /  0     "
"Potassium-transporting ATPase","ATP4B ATP4A","P51164 P20648","CHEMBL2095173","Primary active transporter","0.106542925976","14 /  0     "
"Beta secretase 2","BACE2","Q9Y5Z0","CHEMBL2525","Protease","0.106542925976","7 /  0     "
"Protein farnesyltransferase","FNTA FNTB","P49354 P49356","CHEMBL2094108","Enzyme","0.106542925976","71 /  0     "
"Glycogen synthase kinase-3 beta","GSK3B","P49841","CHEMBL262","Kinase","0.106542925976","50 /  0     "
"Arachidonate 15-lipoxygenase","ALOX15","P16050","CHEMBL2903","Enzyme","0.106542925976","18 /  0     "
"FK506-binding protein 1A","FKBP1A","P62942","CHEMBL1902","Isomerase","0.106542925976","64 /  0     "
"DNA repair protein RAD51 homolog 1","RAD51","Q06609","CHEMBL2034807","Unclassified protein","0.106542925976","2 /  0     "
"G-protein coupled receptor 39","GPR39","O43194","CHEMBL3091266","Family A G protein-coupled receptor","0.106542925976","3 /  0     "
"Platelet activating factor receptor","PTAFR","P25105","CHEMBL250","Family A G protein-coupled receptor","0.106542925976","23 /  0     "
"Adenosine kinase","ADK","P55263","CHEMBL3589","Enzyme","0.106542925976","16 /  0     "
"Sodium/glucose cotransporter 2","SLC5A2","P31639","CHEMBL3884","Electrochemical transporter","0.106542925976","12 /  0     "
"Arachidonate 5-lipoxygenase","ALOX5","P09917","CHEMBL215","Oxidoreductase","0.106542925976","25 /  0     "
"Cyclooxygenase-1","PTGS1","P23219","CHEMBL221","Oxidoreductase","0.106542925976","15 /  0     "
"Thrombin and coagulation factor X","F10","P00742","CHEMBL244","Protease","0.106542925976","184 /  0     "
"Adrenergic receptor beta","ADRB2","P07550","CHEMBL210","Family A G protein-coupled receptor","0.106542925976","13 /  0     "
"Ghrelin receptor","GHSR","Q92847","CHEMBL4616","Family A G protein-coupled receptor","0.106542925976","22 /  0     "
"Translocator protein   (by homology)","TSPO","P30536","CHEMBL5742","Membrane receptor","0.106542925976","142 /  0     "
"Serotonin 1a (5-HT1a) receptor","HTR1A","P08908","CHEMBL214","Family A G protein-coupled receptor","0.106542925976","98 /  0     "
"Serine/threonine-protein kinase B-raf","BRAF","P15056","CHEMBL5145","Kinase","0.106542925976","70 /  0     "
"Heat shock protein HSP 90-alpha","HSP90AA1","P07900","CHEMBL3880","Other cytosolic protein","0.106542925976","10 /  3     "
"Microtubule-associated protein tau","MAPT","P10636","CHEMBL1293224","Unclassified protein","0.106542925976","7 /  0     "
"Phosphodiesterase 6D","PDE6D","O43924","CHEMBL3860","Phosphodiesterase","0.106542925976","11 /  0     "
"Sodium channel protein type IX alpha subunit","SCN9A","Q15858","CHEMBL4296","Voltage-gated ion channel","0.106542925976","59 /  0     "
"Proteasome Macropain subunit MB1","PSMB5","P28074","CHEMBL4662","Protease","0.106542925976","38 /  0     "
"Acyl coenzyme A:cholesterol acyltransferase 1","SOAT1","P35610","CHEMBL2782","Enzyme","0.106542925976","15 /  0     "
"Tyrosine-protein kinase JAK2","JAK2","O60674","CHEMBL2971","Kinase","0.106542925976","33 /  0     "
"Lipoxin A4 receptor","FPR2","P25090","CHEMBL4227","Family A G protein-coupled receptor","0.106542925976","12 /  0     "
"Calcium sensing receptor","CASR","P41180","CHEMBL1878","Family C G protein-coupled receptor","0.0","6 /  17     "
"Vasopressin V2 receptor   (by homology)","AVPR2","P30518","CHEMBL1790","Family A G protein-coupled receptor","0.0","76 /  0     "
"Vasopressin V1a receptor   (by homology)","AVPR1A","P37288","CHEMBL1889","Family A G protein-coupled receptor","0.0","71 /  0     "
"Metabotropic glutamate receptor 5   (by homology)","GRM5","P41594","CHEMBL3227","Family C G protein-coupled receptor","0.0","334 /  0     "
"Cyclin-dependent kinase 5/CDK5 activator 1","CDK5R1 CDK5","Q15078 Q00535","CHEMBL1907600","Kinase","0.0","68 /  0     "
"Lysosomal Pro-X carboxypeptidase","PRCP","P42785","CHEMBL2335","Protease","0.0","25 /  0     "
"Voltage-gated potassium channel subunit Kv1.5","KCNA5","P22460","CHEMBL4306","Voltage-gated ion channel","0.0","52 /  0     "
"Casein kinase II alpha","CSNK2A1","P68400","CHEMBL3629","Kinase","0.0","3 /  0     "
"Histamine H4 receptor","HRH4","Q9H3N8","CHEMBL3759","Family A G protein-coupled receptor","0.0","27 /  0     "
"GABA-A receptor; alpha-1/beta-3/gamma-2","GABRB3 GABRG2 GABRA1","P28472 P18507 P14867","CHEMBL2094121","Ligand-gated ion channel","0.0","26 /  0     "
"GABA-A receptor; alpha-5/beta-3/gamma-2","GABRB3 GABRG2 GABRA5","P28472 P18507 P31644","CHEMBL2094122","Ligand-gated ion channel","0.0","33 /  0     "
"c-Jun N-terminal kinase 3","MAPK10","P53779","CHEMBL2637","Kinase","0.0","37 /  0     "
"c-Jun N-terminal kinase 2","MAPK9","P45984","CHEMBL4179","Kinase","0.0","24 /  0     "
"2-acylglycerol O-acyltransferase 2","MOGAT2","Q3SYC2","CHEMBL2439944","Transferase","0.0","18 /  0     "
"Bcl2-antagonist of cell death (BAD)","BAD","Q92934","CHEMBL3817","Other cytosolic protein","0.0","6 /  0     "
"Potassium channel, inwardly rectifying, subfamily J, member 11","KCNJ11","Q14654","CHEMBL1886","Voltage-gated ion channel","0.0","27 /  0     "
"Kinesin-1 heavy chain/ Tyrosine-protein kinase receptor RET","RET","P07949","CHEMBL2041","Kinase","0.0","10 /  0     "
"Type-1 angiotensin II receptor   (by homology)","AGTR1","P30556","CHEMBL227","Family A G protein-coupled receptor","0.0","51 /  0     "
"Phosphodiesterase 4A","PDE4A","P27815","CHEMBL254","Phosphodiesterase","0.0","20 /  0     "
"DGAT1 protein","DGAT1","Q9BRH5","CHEMBL3638325","Unclassified protein","0.0","6 /  0     "
"Sphingosine 1-phosphate receptor Edg-3","S1PR3","Q99500","CHEMBL3892","Family A G protein-coupled receptor","0.0","51 /  0     "
"Endothelin-converting enzyme 1","ECE1","P42892","CHEMBL4791","Protease","0.0","16 /  0     "
"Transient receptor potential cation channel subfamily A member 1","TRPA1","O75762","CHEMBL6007","Voltage-gated ion channel","0.0","21 /  0     "
"Muscarinic acetylcholine receptor M3","CHRM3","P20309","CHEMBL245","Family A G protein-coupled receptor","0.0","49 /  0     "
"Fibroblast growth factor receptor 1","FGFR1","P11362","CHEMBL3650","Kinase","0.0","27 /  0     "
"Puromycin-sensitive aminopeptidase","NPEPPS","P55786","CHEMBL2264","Protease","0.0","1 /  0     "
"Phosphodiesterase 2A","PDE2A","O00408","CHEMBL2652","Phosphodiesterase","0.0","8 /  0     "
"Serotonin 7 (5-HT7) receptor","HTR7","P34969","CHEMBL3155","Family A G protein-coupled receptor","0.0","42 /  0     "
"Cyclin-dependent kinase 4","CDK4","P11802","CHEMBL331","Kinase","0.0","33 /  0     "
"Serotonin 6 (5-HT6) receptor","HTR6","P50406","CHEMBL3371","Family A G protein-coupled receptor","0.0","37 /  0     "
"Hematopoietic cell protein-tyrosine phosphatase 70Z-PEP","PTPN22","Q9Y2R2","CHEMBL2889","Phosphatase","0.0","3 /  0     "
"Hormone sensitive lipase","LIPE","Q05469","CHEMBL3590","Enzyme","0.0","11 /  0     "
"Acetylcholinesterase","ACHE","P22303","CHEMBL220","Hydrolase","0.0","29 /  0     "
"MAP kinase p38 beta","MAPK11","Q15759","CHEMBL3961","Kinase","0.0","15 /  0     "
"Transitional endoplasmic reticulum ATPase","VCP","P55072","CHEMBL1075145","Primary active transporter","0.0","21 /  0     "
"Complement factor D","CFD","P00746","CHEMBL2176771","Protease","0.0","20 /  0     "
"Proteinase-activated receptor 1","F2R","P25116","CHEMBL3974","Family A G protein-coupled receptor","0.0","19 /  0     "
"p53-binding protein Mdm-2","MDM2","Q00987","CHEMBL5023","Other nuclear protein","0.0","68 /  0     "
"Acyl-CoA desaturase   (by homology)","SCD","O00767","CHEMBL5555","Enzyme","0.0","35 /  0     "
"PI3-kinase p110-gamma subunit","PIK3CG","P48736","CHEMBL3267","Enzyme","0.0","14 /  25     "
"Thymidylate synthase","TYMS","P04818","CHEMBL1952","Transferase","0.0","6 /  0     "
"Vitamin D receptor","VDR","P11473","CHEMBL1977","Nuclear receptor","0.0","4 /  0     "
"Liver glycogen phosphorylase","PYGL","P06737","CHEMBL2568","Enzyme","0.0","25 /  0     "
"Sodium/calcium exchanger 1","SLC8A1","P32418","CHEMBL4076","Electrochemical transporter","0.0","12 /  0     "
"Leukotriene A4 hydrolase","LTA4H","P09960","CHEMBL4618","Protease","0.0","10 /  0     "
"Cyclin-dependent kinase 2/cyclin E","CCNE2 CDK2 CCNE1","O96020 P24941 P24864","CHEMBL2094126","Other cytosolic protein","0.0","9 /  0     "
"Leukotriene B4 receptor 1","LTB4R","Q15722","CHEMBL3911","Family A G protein-coupled receptor","0.0","4 /  0     "
"Neuropeptide Y receptor type 2","NPY2R","P49146","CHEMBL4018","Family A G protein-coupled receptor","0.0","16 /  0     "
"Steroidogenic factor 1","NR5A1","Q13285","CHEMBL4666","Nuclear receptor","0.0","4 /  0     "
"Prostaglandin E synthase","PTGES","O14684","CHEMBL5658","Enzyme","0.0","34 /  0     "
"Scavenger receptor class B member 1   (by homology)","SCARB1","Q8WTV0","CHEMBL1914272","Unclassified protein","0.0","9 /  0     "
"Neuronal acetylcholine receptor protein alpha-7 subunit","CHRNA7","P36544","CHEMBL2492","Ligand-gated ion channel","0.0","8 /  0     "
"TRAF2- and NCK-interacting kinase","TNIK","Q9UKE5","CHEMBL4527","Kinase","0.0","16 /  0     "
"Beta-chymotrypsin","CTRB1","P17538","CHEMBL4796","Protease","0.0","5 /  0     "
"Alpha-2a adrenergic receptor","ADRA2A","P08913","CHEMBL1867","Family A G protein-coupled receptor","0.0","5 /  0     "