"Target","Common name","Uniprot ID","ChEMBL ID","Target Class","Probability*","Known actives (3D/2D)"
"Heat shock protein HSP 90-alpha","HSP90AA1","P07900","CHEMBL3880","Other cytosolic protein","0.133944629355","34 /  2     "
"Serotonin 3a (5-HT3a) receptor","HTR3A","P46098","CHEMBL1899","Ligand-gated ion channel","0.125687252905","0 /  25     "
"HERG","KCNH2","Q12809","CHEMBL240","Voltage-gated ion channel","0.125687252905","137 /  16     "
"Calpain 2","CAPN2","P17655","CHEMBL2382","Protease","0.125687252905","70 /  0     "
"Adenosine A1 receptor","ADORA1","P30542","CHEMBL226","Family A G protein-coupled receptor","0.125687252905","217 /  0     "
"Neurokinin 1 receptor","TACR1","P25103","CHEMBL249","Family A G protein-coupled receptor","0.125687252905","110 /  0     "
"Purinergic receptor P2Y12","P2RY12","Q9H244","CHEMBL2001","Family A G protein-coupled receptor","0.125687252905","76 /  0     "
"Insulin-like growth factor I receptor","IGF1R","P08069","CHEMBL1957","Kinase","0.125687252905","193 /  0     "
"Acetyl-CoA carboxylase 2","ACACB","O00763","CHEMBL4829","Ligase","0.125687252905","453 /  9     "
"Ribosomal protein S6 kinase 1","RPS6KB1","P23443","CHEMBL4501","Kinase","0.125687252905","63 /  0     "
"Receptor protein-tyrosine kinase erbB-2","ERBB2","P04626","CHEMBL1824","Kinase","0.125687252905","77 /  0     "
"Phosphodiesterase 5A","PDE5A","O76074","CHEMBL1827","Phosphodiesterase","0.125687252905","110 /  0     "
"Protein-tyrosine phosphatase 1B","PTPN1","P18031","CHEMBL335","Phosphatase","0.125687252905","30 /  7     "
"Protein Mdm4","MDM4","O15151","CHEMBL1255126","Unclassified protein","0.125687252905","8 /  0     "
"p53-binding protein Mdm-2","MDM2","Q00987","CHEMBL5023","Other nuclear protein","0.125687252905","75 /  0     "
"Histone deacetylase 1","HDAC1","Q13547","CHEMBL325","Eraser","0.125687252905","248 /  0     "
"Nucleotide-binding oligomerization domain-containing protein 1","NOD1","Q9Y239","CHEMBL1293222","Unclassified protein","0.125687252905","4 /  0     "
"Monoamine oxidase A","MAOA","P21397","CHEMBL1951","Oxidoreductase","0.125687252905","15 /  0     "
"Thrombin and coagulation factor X","F10","P00742","CHEMBL244","Protease","0.125687252905","423 /  0     "
"6-phosphofructo-2-kinase/fructose-2,6-bisphosphatase 3","PFKFB3","Q16875","CHEMBL2331053","Enzyme","0.125687252905","129 /  0     "
"Thrombin","F2","P00734","CHEMBL204","Protease","0.125687252905","131 /  0     "
"Protein-glutamine gamma-glutamyltransferase","TGM2","P21980","CHEMBL2730","Enzyme","0.125687252905","71 /  0     "
"Serine/threonine-protein kinase RAF","RAF1","P04049","CHEMBL1906","Kinase","0.125687252905","33 /  0     "
"Platelet-derived growth factor receptor alpha","PDGFRA","P16234","CHEMBL2007","Kinase","0.125687252905","48 /  0     "
"Calpain 1","CAPN1","P07384","CHEMBL3891","Protease","0.125687252905","164 /  0     "
"HLA class II histocompatibility antigen DRB1-1","HLA-DRB1","P04229","CHEMBL1943","Surface antigen","0.125687252905","14 /  0     "
"Cyclin-dependent kinase 2/cyclin A","CDK2 CCNA1 CCNA2","P24941 P78396 P20248","CHEMBL2094128","Other cytosolic protein","0.125687252905","40 /  0     "
"MAP kinase p38 alpha","MAPK14","Q16539","CHEMBL260","Kinase","0.125687252905","383 /  0     "
"Tyrosine-protein kinase SRC","SRC","P12931","CHEMBL267","Kinase","0.125687252905","107 /  0     "
"Tyrosine-protein kinase JAK2","JAK2","O60674","CHEMBL2971","Kinase","0.125687252905","120 /  0     "
"Sonic hedgehog protein   (by homology)","SHH","Q15465","CHEMBL5602","Unclassified protein","0.125687252905","12 /  0     "
"Serine/threonine-protein kinase TAO3","TAOK3","Q9H2K8","CHEMBL5701","Kinase","0.125687252905","18 /  0     "
"Serine/threonine-protein kinase B-raf","BRAF","P15056","CHEMBL5145","Kinase","0.125687252905","78 /  0     "
"Proteasome subunit beta type-8","PSMB8","P28062","CHEMBL5620","Protease","0.125687252905","11 /  0     "
"G-protein coupled receptor 55","GPR55","Q9Y2T6","CHEMBL1075322","Family A G protein-coupled receptor","0.125687252905","24 /  0     "
"Macrophage colony stimulating factor receptor","CSF1R","P07333","CHEMBL1844","Kinase","0.125687252905","121 /  0     "
"Platelet-derived growth factor receptor beta","PDGFRB","P09619","CHEMBL1913","Kinase","0.125687252905","106 /  0     "
"Stem cell growth factor receptor","KIT","P10721","CHEMBL1936","Kinase","0.125687252905","45 /  0     "
"Kinesin-1 heavy chain/ Tyrosine-protein kinase receptor RET","RET","P07949","CHEMBL2041","Kinase","0.125687252905","32 /  0     "
"Complement factor D","CFD","P00746","CHEMBL2176771","Protease","0.125687252905","185 /  0     "
"Renin","REN","P00797","CHEMBL286","Protease","0.125687252905","250 /  0     "
"Phosphodiesterase 7A","PDE7A","Q13946","CHEMBL3012","Phosphodiesterase","0.125687252905","69 /  0     "
"Matrix metalloproteinase 9","MMP9","P14780","CHEMBL321","Protease","0.125687252905","174 /  0     "
"Matrix metalloproteinase 1","MMP1","P03956","CHEMBL332","Protease","0.125687252905","146 /  0     "
"Acetyl-coenzyme A transporter 1","SLC33A1","O00400","CHEMBL3638338","Electrochemical transporter","0.125687252905","48 /  0     "
"Neurokinin 2 receptor","TACR2","P21452","CHEMBL2327","Family A G protein-coupled receptor","0.125687252905","53 /  0     "
"3-phosphoinositide dependent protein kinase-1","PDPK1","O15530","CHEMBL2534","Kinase","0.125687252905","72 /  0     "
"Bradykinin B2 receptor","BDKRB2","P30411","CHEMBL3157","Family A G protein-coupled receptor","0.125687252905","80 /  0     "
"TGF-beta receptor type II","TGFBR2","P37173","CHEMBL4267","Kinase","0.125687252905","3 /  0     "
"Proteasome Macropain subunit MB1","PSMB5","P28074","CHEMBL4662","Protease","0.125687252905","87 /  0     "
"Cyclin-dependent kinase 5/CDK5 activator 1","CDK5R1 CDK5","Q15078 Q00535","CHEMBL1907600","Kinase","0.125687252905","78 /  0     "
"Serine/threonine-protein kinase PIM1","PIM1","P11309","CHEMBL2147","Kinase","0.125687252905","16 /  0     "
"c-Jun N-terminal kinase 3","MAPK10","P53779","CHEMBL2637","Kinase","0.125687252905","106 /  0     "
"Dual specificity protein kinase TTK","TTK","P33981","CHEMBL3983","Kinase","0.125687252905","32 /  0     "
"Phosphodiesterase 4A","PDE4A","P27815","CHEMBL254","Phosphodiesterase","0.125687252905","80 /  0     "
"E3 ubiquitin-protein ligase NEDD4","NEDD4","P46934","CHEMBL3621023","Ligase","0.125687252905","1 /  0     "
"Cystic fibrosis transmembrane conductance regulator","CFTR","P13569","CHEMBL4051","Other ion channel","0.125687252905","16 /  0     "
"Legumain","LGMN","Q99538","CHEMBL4244","Protease","0.125687252905","51 /  0     "
"Dopamine D1 receptor","DRD1","P21728","CHEMBL2056","Family A G protein-coupled receptor","0.125687252905","15 /  0     "
"Rho-associated protein kinase 2","ROCK2","O75116","CHEMBL2973","Kinase","0.125687252905","100 /  0     "
"Calpain 1","CAPN1 CAPNS1","P07384 P04632","CHEMBL2111357","Protease","0.0","33 /  0     "
"c-Jun N-terminal kinase 1","MAPK8","P45983","CHEMBL2276","Kinase","0.0","152 /  0     "
"Sodium/glucose cotransporter 2","SLC5A2","P31639","CHEMBL3884","Electrochemical transporter","0.0","3 /  0     "
"Sodium/glucose cotransporter 1","SLC5A1","P13866","CHEMBL4979","Electrochemical transporter","0.0","63 /  0     "
"NADPH oxidase 4","NOX4","Q9NPH5","CHEMBL1250375","Enzyme","0.0","6 /  0     "
"Niemann-Pick C1-like protein 1","NPC1L1","Q9UHC9","CHEMBL2027","Other membrane protein","0.0","28 /  0     "
"Branched-chain-amino-acid aminotransferase, mitochondrial","BCAT2","O15382","CHEMBL3616354","Transferase","0.0","6 /  0     "
"Purinergic receptor P2Y1","P2RY1","P47900","CHEMBL4315","Family A G protein-coupled receptor","0.0","10 /  0     "
"P2X purinoceptor 7","P2RX7","Q99572","CHEMBL4805","Ligand-gated ion channel","0.0","50 /  0     "
"Smoothened homolog","SMO","Q99835","CHEMBL5971","Frizzled family G protein-coupled receptor","0.0","90 /  0     "
"Tankyrase-2","TNKS2","Q9H2K2","CHEMBL6154","Enzyme","0.0","23 /  0     "
"Histone deacetylase 4","HDAC4","P56524","CHEMBL3524","Eraser","0.0","20 /  0     "
"Sodium/calcium exchanger 1","SLC8A1","P32418","CHEMBL4076","Electrochemical transporter","0.0","104 /  0     "
"P-glycoprotein 1","ABCB1","P08183","CHEMBL4302","Primary active transporter","0.0","149 /  0     "
"Tyrosine-protein kinase ITK/TSK","ITK","Q08881","CHEMBL2959","Kinase","0.0","142 /  0     "
"Acetyl-CoA carboxylase 1","ACACA","Q13085","CHEMBL3351","Enzyme","0.0","56 /  0     "
"Serine/threonine-protein kinase TAO1","TAOK1","Q7L7X3","CHEMBL5261","Kinase","0.0","21 /  0     "
"Histamine H2 receptor","HRH2","P25021","CHEMBL1941","Family A G protein-coupled receptor","0.0","31 /  0     "
"Vanilloid receptor   (by homology)","TRPV1","Q8NER1","CHEMBL4794","Voltage-gated ion channel","0.0","75 /  0     "
"Poly [ADP-ribose] polymerase 2","PARP2","Q9UGN5","CHEMBL5366","Enzyme","0.0","5 /  0     "
"Glucose-dependent insulinotropic receptor","GPR119","Q8TDV5","CHEMBL5652","Family A G protein-coupled receptor","0.0","49 /  0     "
"Trypsin I","PRSS1","P07477","CHEMBL209","Protease","0.0","17 /  0     "
"Cyclin T1","CCNT1","O60563","CHEMBL2108","Other cytosolic protein","0.0","10 /  0     "
"Chymase","CMA1","P23946","CHEMBL4068","Protease","0.0","41 /  0     "
"Cathepsin G","CTSG","P08311","CHEMBL4071","Protease","0.0","19 /  0     "
"Ghrelin receptor","GHSR","Q92847","CHEMBL4616","Family A G protein-coupled receptor","0.0","60 /  0     "
"Beta-chymotrypsin","CTRB1","P17538","CHEMBL4796","Protease","0.0","7 /  0     "
"NF-kappaB inhibitor alpha","NFKBIA","P25963","CHEMBL2898","Other cytosolic protein","0.0","1 /  0     "
"Proteasome Macropain subunit","PSMB2","P49721","CHEMBL3492","Protease","0.0","11 /  0     "
"26S proteosome","PSMB1","P20618","CHEMBL4208","Protease","0.0","6 /  0     "
"Adenosine A3 receptor","ADORA3","P0DMS8","CHEMBL256","Family A G protein-coupled receptor","0.0","175 /  0     "
"Insulin receptor","INSR","P06213","CHEMBL1981","Kinase","0.0","58 /  0     "
"Glucocorticoid receptor","NR3C1","P04150","CHEMBL2034","Nuclear receptor","0.0","57 /  0     "
"Epidermal growth factor receptor erbB1","EGFR","P00533","CHEMBL203","Kinase","0.0","234 /  0     "
"Progesterone receptor","PGR","P06401","CHEMBL208","Nuclear receptor","0.0","16 /  0     "
"Serotonin 1a (5-HT1a) receptor","HTR1A","P08908","CHEMBL214","Family A G protein-coupled receptor","0.0","108 /  0     "
"Group IIE secretory phospholipase A2","PLA2G2E","Q9NZK7","CHEMBL2154","Enzyme","0.0","3 /  0     "
"Serine/threonine-protein kinase Aurora-B","AURKB","Q96GD4","CHEMBL2185","Kinase","0.0","154 /  0     "
"Cholecystokinin B receptor","CCKBR","P32239","CHEMBL298","Family A G protein-coupled receptor","0.0","125 /  0     "
"Receptor protein-tyrosine kinase erbB-4","ERBB4","Q15303","CHEMBL3009","Kinase","0.0","4 /  0     "