"Target","Common name","Uniprot ID","ChEMBL ID","Target Class","Probability*","Known actives (3D/2D)"
"Vascular endothelial growth factor receptor 2","KDR","P35968","CHEMBL279","Kinase","0.103186936728","393 /  99     "
"C-C chemokine receptor type 3","CCR3","P51677","CHEMBL3473","Family A G protein-coupled receptor","0.103186936728","460 /  0     "
"Serine/threonine-protein kinase B-raf","BRAF","P15056","CHEMBL5145","Kinase","0.103186936728","51 /  7     "
"Sphingosine 1-phosphate receptor Edg-3","S1PR3","Q99500","CHEMBL3892","Family A G protein-coupled receptor","0.103186936728","8 /  0     "
"Acetylcholinesterase","ACHE","P22303","CHEMBL220","Hydrolase","0.103186936728","614 /  12     "
"Lysosomal Pro-X carboxypeptidase","PRCP","P42785","CHEMBL2335","Protease","0.103186936728","181 /  0     "
"Histamine H1 receptor","HRH1","P35367","CHEMBL231","Family A G protein-coupled receptor","0.103186936728","159 /  0     "
"Thrombin and coagulation factor X","F10","P00742","CHEMBL244","Protease","0.103186936728","450 /  0     "
"Neurokinin 1 receptor","TACR1","P25103","CHEMBL249","Family A G protein-coupled receptor","0.103186936728","293 /  0     "
"Cathepsin K","CTSK","P43235","CHEMBL268","Protease","0.103186936728","41 /  0     "
"Somatostatin receptor 1","SSTR1","P30872","CHEMBL1917","Family A G protein-coupled receptor","0.103186936728","30 /  0     "
"Somatostatin receptor 3","SSTR3","P32745","CHEMBL2028","Family A G protein-coupled receptor","0.103186936728","78 /  0     "
"P-glycoprotein 1","ABCB1","P08183","CHEMBL4302","Primary active transporter","0.103186936728","157 /  0     "
"Voltage-gated T-type calcium channel alpha-1G subunit","CACNA1G","O43497","CHEMBL4641","Voltage-gated ion channel","0.103186936728","125 /  0     "
"Vasopressin V1b receptor","AVPR1B","P47901","CHEMBL1921","Family A G protein-coupled receptor","0.103186936728","30 /  0     "
"Equilibrative nucleoside transporter 1","SLC29A1","Q99808","CHEMBL1997","Electrochemical transporter","0.103186936728","3 /  0     "
"Alpha-1a adrenergic receptor   (by homology)","ADRA1A","P35348","CHEMBL229","Family A G protein-coupled receptor","0.103186936728","682 /  0     "
"Alpha-1d adrenergic receptor","ADRA1D","P25100","CHEMBL223","Family A G protein-coupled receptor","0.103186936728","364 /  0     "
"Alpha-1b adrenergic receptor","ADRA1B","P35368","CHEMBL232","Family A G protein-coupled receptor","0.103186936728","462 /  0     "
"Neurokinin 2 receptor","TACR2","P21452","CHEMBL2327","Family A G protein-coupled receptor","0.103186936728","190 /  0     "
"C-C chemokine receptor type 2","CCR2","P41597","CHEMBL4015","Family A G protein-coupled receptor","0.103186936728","117 /  0     "
"Serotonin 2c (5-HT2c) receptor","HTR2C","P28335","CHEMBL225","Family A G protein-coupled receptor","0.103186936728","622 /  0     "
"Sigma opioid receptor   (by homology)","SIGMAR1","Q99720","CHEMBL287","Membrane receptor","0.103186936728","895 /  0     "
"Serotonin 6 (5-HT6) receptor","HTR6","P50406","CHEMBL3371","Family A G protein-coupled receptor","0.103186936728","406 /  0     "
"Butyrylcholinesterase","BCHE","P06276","CHEMBL1914","Hydrolase","0.103186936728","180 /  7     "
"Protein kinase C theta","PRKCQ","Q04759","CHEMBL3920","Kinase","0.103186936728","148 /  0     "
"Phospholipase D1","PLD1","Q13393","CHEMBL2536","Hydrolase","0.103186936728","71 /  0     "
"Dual specificity mitogen-activated protein kinase kinase 1","MAP2K1","Q02750","CHEMBL3587","Kinase","0.103186936728","42 /  0     "
"Somatostatin receptor 2","SSTR2","P30874","CHEMBL1804","Family A G protein-coupled receptor","0.103186936728","95 /  0     "
"Somatostatin receptor 4","SSTR4","P31391","CHEMBL1853","Family A G protein-coupled receptor","0.103186936728","19 /  0     "
"Neuropeptide Y receptor type 1","NPY1R","P25929","CHEMBL4777","Family A G protein-coupled receptor","0.103186936728","108 /  0     "
"Nociceptin receptor","OPRL1","P41146","CHEMBL2014","Family A G protein-coupled receptor","0.103186936728","285 /  0     "
"C-X-C chemokine receptor type 3","CXCR3","P49682","CHEMBL4441","Family A G protein-coupled receptor","0.103186936728","103 /  0     "
"Serotonin 2b (5-HT2b) receptor","HTR2B","P41595","CHEMBL1833","Family A G protein-coupled receptor","0.103186936728","177 /  0     "
"Tyrosine-protein kinase receptor UFO","AXL","P30530","CHEMBL4895","Kinase","0.103186936728","32 /  0     "
"Isocitrate dehydrogenase [NADP] cytoplasmic","IDH1","O75874","CHEMBL2007625","Enzyme","0.103186936728","21 /  0     "
"LDL-associated phospholipase A2","PLA2G7","Q13093","CHEMBL3514","Enzyme","0.103186936728","30 /  0     "
"Beta-secretase 1","BACE1","P56817","CHEMBL4822","Protease","0.103186936728","136 /  0     "
"Lanosterol synthase","LSS","P48449","CHEMBL3593","Enzyme","0.103186936728","49 /  0     "
"Platelet-derived growth factor receptor beta","PDGFRB","P09619","CHEMBL1913","Kinase","0.103186936728","114 /  9     "
"Stem cell growth factor receptor","KIT","P10721","CHEMBL1936","Kinase","0.103186936728","85 /  16     "
"Voltage-gated T-type calcium channel alpha-1H subunit","CACNA1H","O95180","CHEMBL1859","Voltage-gated ion channel","0.103186936728","33 /  0     "
"Melanocortin receptor 5","MC5R","P33032","CHEMBL4608","Family A G protein-coupled receptor","0.103186936728","128 /  0     "
"Cyclin-dependent kinase 5/CDK5 activator 1","CDK5R1 CDK5","Q15078 Q00535","CHEMBL1907600","Kinase","0.103186936728","15 /  0     "
"Dipeptidyl peptidase I","CTSC","P53634","CHEMBL2252","Protease","0.103186936728","61 /  0     "
"Pyruvate dehydrogenase kinase isoform 1","PDK1","Q15118","CHEMBL4766","Kinase","0.103186936728","27 /  21     "
"C-C chemokine receptor type 1","CCR1","P32246","CHEMBL2413","Family A G protein-coupled receptor","0.103186936728","28 /  0     "
"Melanocortin receptor 1","MC1R","Q01726","CHEMBL3795","Family A G protein-coupled receptor","0.103186936728","113 /  0     "
"Melanocortin receptor 3","MC3R","P41968","CHEMBL4644","Family A G protein-coupled receptor","0.103186936728","157 /  0     "
"Dopamine D1 receptor","DRD1","P21728","CHEMBL2056","Family A G protein-coupled receptor","0.103186936728","225 /  0     "
"C-C chemokine receptor type 4","CCR4","P51679","CHEMBL2414","Family A G protein-coupled receptor","0.103186936728","68 /  0     "
"Adenosylhomocysteinase","AHCY","P23526","CHEMBL2664","Enzyme","0.103186936728","31 /  0     "
"Neurokinin 3 receptor","TACR3","P29371","CHEMBL4429","Family A G protein-coupled receptor","0.103186936728","138 /  0     "
"High-affinity choline transporter","SLC5A7","Q9GZV3","CHEMBL4507","Electrochemical transporter","0.103186936728","17 /  0     "
"Serotonin 4 (5-HT4) receptor","HTR4","Q13639","CHEMBL1875","Family A G protein-coupled receptor","0.103186936728","108 /  0     "
"Scavenger receptor class B member 1","SCARB1","Q8WTV0","CHEMBL1914272","Unclassified protein","0.103186936728","3 /  0     "
"Glycine transporter 2","SLC6A5","Q9Y345","CHEMBL3060","Electrochemical transporter","0.103186936728","47 /  0     "
"C-C chemokine receptor type 8","CCR8","P51685","CHEMBL4596","Family A G protein-coupled receptor","0.103186936728","11 /  0     "
"Histamine N-methyltransferase   (by homology)","HNMT","P50135","CHEMBL2190","Enzyme","0.103186936728","6 /  0     "
"Adenosine A1 receptor   (by homology)","ADORA1","P30542","CHEMBL226","Family A G protein-coupled receptor","0.103186936728","48 /  0     "
"Tyrosine-protein kinase ITK/TSK","ITK","Q08881","CHEMBL2959","Kinase","0.103186936728","59 /  64     "
"Thrombin","F2","P00734","CHEMBL204","Protease","0.103186936728","403 /  0     "
"Protein kinase C delta","PRKCD","Q05655","CHEMBL2996","Kinase","0.103186936728","106 /  0     "
"Dopamine D2 receptor","DRD2","P14416","CHEMBL217","Family A G protein-coupled receptor","0.103186936728","3491 /  7     "
"Glucagon-like peptide 1 receptor","GLP1R","P43220","CHEMBL1784","Family B G protein-coupled receptor","0.103186936728","4 /  0     "
"Gonadotropin-releasing hormone receptor","GNRHR","P30968","CHEMBL1855","Family A G protein-coupled receptor","0.103186936728","443 /  0     "
"C-X-C chemokine receptor type 7","ACKR3","P25106","CHEMBL2010631","Family A G protein-coupled receptor","0.103186936728","34 /  0     "
"Anandamide amidohydrolase","FAAH","O00519","CHEMBL2243","Enzyme","0.103186936728","55 /  0     "
"Perforin-1","PRF1","P14222","CHEMBL5480","Other ion channel","0.103186936728","1 /  0     "
"Muscarinic acetylcholine receptor M4","CHRM4","P08173","CHEMBL1821","Family A G protein-coupled receptor","0.103186936728","77 /  0     "
"Tyrosine-protein kinase FYN","FYN","P06241","CHEMBL1841","Kinase","0.103186936728","25 /  0     "
"Dopamine D5 receptor","DRD5","P21918","CHEMBL1850","Family A G protein-coupled receptor","0.103186936728","47 /  0     "
"Alpha-2a adrenergic receptor","ADRA2A","P08913","CHEMBL1867","Family A G protein-coupled receptor","0.103186936728","102 /  0     "
"Adrenergic receptor alpha-2","ADRA2C","P18825","CHEMBL1916","Family A G protein-coupled receptor","0.103186936728","77 /  0     "
"Histamine H2 receptor","HRH2","P25021","CHEMBL1941","Family A G protein-coupled receptor","0.103186936728","29 /  0     "
"Alpha-2b adrenergic receptor","ADRA2B","P18089","CHEMBL1942","Family A G protein-coupled receptor","0.103186936728","71 /  0     "
"Muscarinic acetylcholine receptor M5","CHRM5","P08912","CHEMBL2035","Family A G protein-coupled receptor","0.103186936728","103 /  0     "
"Cyclin-dependent kinase 2/cyclin A","CDK2 CCNA1 CCNA2","P24941 P78396 P20248","CHEMBL2094128","Other cytosolic protein","0.103186936728","90 /  0     "
"Serine/threonine-protein kinase AKT2","AKT2","P31751","CHEMBL2431","Kinase","0.103186936728","86 /  0     "
"Beta-3 adrenergic receptor","ADRB3","P13945","CHEMBL246","Family A G protein-coupled receptor","0.103186936728","10 /  0     "
"Histamine H4 receptor","HRH4","Q9H3N8","CHEMBL3759","Family A G protein-coupled receptor","0.103186936728","161 /  0     "
"Serine/threonine-protein kinase AKT","AKT3","Q9Y243","CHEMBL4816","Kinase","0.103186936728","35 /  0     "
"Glycine receptor subunit alpha-1","GLRA1","P23415","CHEMBL5845","Ligand-gated ion channel","0.103186936728","4 /  0     "
"Estrogen receptor alpha","ESR1","P03372","CHEMBL206","Nuclear receptor","0.103186936728","145 /  0     "
"Cannabinoid receptor 1","CNR1","P21554","CHEMBL218","Family A G protein-coupled receptor","0.103186936728","132 /  0     "
"Estrogen receptor beta","ESR2","Q92731","CHEMBL242","Nuclear receptor","0.103186936728","124 /  0     "
"Cannabinoid receptor 2","CNR2","P34972","CHEMBL253","Family A G protein-coupled receptor","0.103186936728","78 /  0     "
"Urotensin II receptor","UTS2R","Q9UKP6","CHEMBL3764","Family A G protein-coupled receptor","0.103186936728","151 /  0     "
"Tissue-type plasminogen activator","PLAT","P00750","CHEMBL1873","Protease","0.103186936728","27 /  0     "
"Trypsin I","PRSS1","P07477","CHEMBL209","Protease","0.103186936728","62 /  0     "
"Kinesin-like protein 1","KIF11","P52732","CHEMBL4581","Other cytosolic protein","0.103186936728","102 /  0     "
"Tyrosine-protein kinase receptor FLT3","FLT3","P36888","CHEMBL1974","Kinase","0.103186936728","100 /  20     "
"Protein kinase C beta","PRKCB","P05771","CHEMBL3045","Kinase","0.103186936728","202 /  0     "
"Protein farnesyltransferase","FNTA FNTB","P49354 P49356","CHEMBL2094108","Enzyme","0.103186936728","134 /  0     "
"Complement factor D","CFD","P00746","CHEMBL2176771","Protease","0.103186936728","62 /  0     "
"Prostanoid EP1 receptor","PTGER1","P34995","CHEMBL1811","Family A G protein-coupled receptor","0.103186936728","20 /  0     "
"DNA-directed RNA polymerase I subunit RPA1","POLR1A","O95602","CHEMBL3286067","Enzyme","0.103186936728","15 /  0     "
"Diacylglycerol O-acyltransferase 1","DGAT1","O75907","CHEMBL6009","Enzyme","0.103186936728","0 /  1     "
"Dopamine D3 receptor","DRD3","P35462","CHEMBL234","Family A G protein-coupled receptor","0.103186936728","1512 /  4     "
"Phospholipase D2","PLD2","O14939","CHEMBL2734","Hydrolase","0.103186936728","60 /  0     "