"Target","Common name","Uniprot ID","ChEMBL ID","Target Class","Probability*","Known actives (3D/2D)"
"Acetyl-CoA carboxylase 2","ACACB","O00763","CHEMBL4829","Ligase","0.106542925976","819 /  87     "
"Vanilloid receptor   (by homology)","TRPV1","Q8NER1","CHEMBL4794","Voltage-gated ion channel","0.106542925976","587 /  0     "
"Sodium/glucose cotransporter 1","SLC5A1","P13866","CHEMBL4979","Electrochemical transporter","0.106542925976","84 /  0     "
"Muscle glycogen phosphorylase","PYGM","P11217","CHEMBL3526","Enzyme","0.106542925976","28 /  0     "
"Phosphodiesterase 2A","PDE2A","O00408","CHEMBL2652","Phosphodiesterase","0.106542925976","84 /  0     "
"Platelet activating factor receptor","PTAFR","P25105","CHEMBL250","Family A G protein-coupled receptor","0.106542925976","149 /  0     "
"Metabotropic glutamate receptor 1","GRM1","Q13255","CHEMBL3772","Family C G protein-coupled receptor","0.106542925976","95 /  0     "
"Complement factor D","CFD","P00746","CHEMBL2176771","Protease","0.106542925976","292 /  0     "
"Serotonin 6 (5-HT6) receptor","HTR6","P50406","CHEMBL3371","Family A G protein-coupled receptor","0.106542925976","245 /  0     "
"Chymase","CMA1","P23946","CHEMBL4068","Protease","0.106542925976","121 /  0     "
"MAP kinase p38 beta   (by homology)","MAPK11","Q15759","CHEMBL3961","Kinase","0.106542925976","74 /  0     "
"Indoleamine 2,3-dioxygenase","IDO1","P14902","CHEMBL4685","Enzyme","0.106542925976","53 /  0     "
"Urokinase plasminogen activator surface receptor","PLAUR","Q03405","CHEMBL4883","Membrane receptor","0.106542925976","3 /  0     "
"Bradykinin B2 receptor","BDKRB2","P30411","CHEMBL3157","Family A G protein-coupled receptor","0.106542925976","164 /  0     "
"Phosphodiesterase 4B","PDE4B","Q07343","CHEMBL275","Phosphodiesterase","0.106542925976","376 /  0     "
"Phosphodiesterase 7A","PDE7A","Q13946","CHEMBL3012","Phosphodiesterase","0.106542925976","169 /  0     "
"Neuropeptide Y receptor type 5","NPY5R","Q15761","CHEMBL4561","Family A G protein-coupled receptor","0.106542925976","434 /  0     "
"Proto-oncogene tyrosine-protein kinase ROS","ROS1","P08922","CHEMBL5568","Kinase","0.106542925976","8 /  0     "
"Butyrylcholinesterase","BCHE","P06276","CHEMBL1914","Hydrolase","0.106542925976","137 /  0     "
"Bromodomain-containing protein 4","BRD4","O60885","CHEMBL1163125","Reader","0.106542925976","260 /  0     "
"Nicotinamide phosphoribosyltransferase","NAMPT","P43490","CHEMBL1744525","Enzyme","0.106542925976","199 /  0     "
"Vasopressin V2 receptor","AVPR2","P30518","CHEMBL1790","Family A G protein-coupled receptor","0.106542925976","232 /  0     "
"Glycine transporter 1","SLC6A9","P48067","CHEMBL2337","Electrochemical transporter","0.106542925976","145 /  0     "
"C5a anaphylatoxin chemotactic receptor","C5AR1","P21730","CHEMBL2373","Family A G protein-coupled receptor","0.106542925976","33 /  0     "
"Cytochrome P450 11B1","CYP11B1","P15538","CHEMBL1908","Cytochrome P450","0.106542925976","151 /  0     "
"Melatonin receptor 1A","MTNR1A","P48039","CHEMBL1945","Family A G protein-coupled receptor","0.106542925976","464 /  0     "
"Melatonin receptor 1B","MTNR1B","P49286","CHEMBL1946","Family A G protein-coupled receptor","0.106542925976","447 /  0     "
"Cannabinoid receptor 2","CNR2","P34972","CHEMBL253","Family A G protein-coupled receptor","0.106542925976","1022 /  0     "
"Calpain 1","CAPN1","P07384","CHEMBL3891","Protease","0.106542925976","273 /  0     "
"Ketohexokinase","KHK","P50053","CHEMBL1275212","Enzyme","0.106542925976","10 /  0     "
"Phosphodiesterase 4D","PDE4D","Q08499","CHEMBL288","Phosphodiesterase","0.106542925976","163 /  0     "
"Peptidyl-prolyl cis-trans isomerase FKBP5","FKBP5","Q13451","CHEMBL2052031","Enzyme","0.106542925976","30 /  0     "
"Proteasome Macropain subunit MB1","PSMB5","P28074","CHEMBL4662","Protease","0.106542925976","106 /  0     "
"CDC7/DBF4 (Cell division cycle 7-related protein kinase/Activator of S phase kinase)","CDC7","O00311","CHEMBL5443","Kinase","0.106542925976","86 /  0     "
"Protein Wnt-3a","WNT3A","P56704","CHEMBL1255137","Unclassified protein","0.106542925976","8 /  0     "
"Sphingosine 1-phosphate receptor Edg-3","S1PR3","Q99500","CHEMBL3892","Family A G protein-coupled receptor","0.106542925976","129 /  0     "
"Serine/threonine-protein kinase AKT","AKT1","P31749","CHEMBL4282","Kinase","0.106542925976","128 /  0     "
"Serine/threonine-protein kinase MARK1","MARK1","Q9P0L2","CHEMBL5940","Kinase","0.106542925976","5 /  0     "
"Prostanoid EP2 receptor","PTGER2","P43116","CHEMBL1881","Family A G protein-coupled receptor","0.106542925976","41 /  0     "
"FK506-binding protein 1A","FKBP1A","P62942","CHEMBL1902","Isomerase","0.106542925976","183 /  0     "
"Voltage-gated N-type calcium channel alpha-1B subunit","CACNA1B","Q00975","CHEMBL4478","Voltage-gated ion channel","0.106542925976","27 /  0     "
"Lymphocyte differentiation antigen CD38","CD38","P28907","CHEMBL4660","Enzyme","0.106542925976","35 /  0     "
"Transient receptor potential cation channel subfamily A member 1","TRPA1","O75762","CHEMBL6007","Voltage-gated ion channel","0.106542925976","36 /  0     "
"Corticotropin releasing factor receptor 1","CRHR1","P34998","CHEMBL1800","Family B G protein-coupled receptor","0.106542925976","431 /  0     "
"6-phosphofructo-2-kinase/fructose-2,6-bisphosphatase 3","PFKFB3","Q16875","CHEMBL2331053","Enzyme","0.106542925976","257 /  0     "
"Protein-glutamine gamma-glutamyltransferase","TGM2","P21980","CHEMBL2730","Enzyme","0.106542925976","131 /  0     "
"Protein-glutamine gamma-glutamyltransferase K","TGM1","P22735","CHEMBL2810","Enzyme","0.106542925976","36 /  0     "
"Protein kinase C gamma","PRKCG","P05129","CHEMBL2938","Kinase","0.106542925976","37 /  0     "
"Protein kinase C beta","PRKCB","P05771","CHEMBL3045","Kinase","0.106542925976","26 /  0     "
"Protein kinase C epsilon","PRKCE","Q02156","CHEMBL3582","Kinase","0.106542925976","10 /  0     "
"Protein kinase C eta","PRKCH","P24723","CHEMBL3616","Kinase","0.106542925976","7 /  0     "
"Coagulation factor XIII","F13A1","P00488","CHEMBL4530","Aminoacyltransferase","0.106542925976","43 /  0     "
"P2X purinoceptor 7","P2RX7","Q99572","CHEMBL4805","Ligand-gated ion channel","0.106542925976","344 /  0     "
"Apoptosis regulator Bcl-2","BCL2","P10415","CHEMBL4860","Other ion channel","0.106542925976","58 /  0     "
"Transient receptor potential cation channel subfamily V member 3","TRPV3","Q8NET8","CHEMBL5522","Voltage-gated ion channel","0.106542925976","1 /  0     "
"Heat shock protein 75 kDa, mitochondrial","TRAP1","Q12931","CHEMBL1075132","Other cytosolic protein","0.106542925976","7 /  0     "
"Endoplasmin","HSP90B1","P14625","CHEMBL1075323","Other membrane protein","0.106542925976","12 /  0     "
"Neuropeptides B/W receptor type 1","NPBWR1","P48145","CHEMBL1293293","Family A G protein-coupled receptor","0.106542925976","49 /  0     "
"Nociceptin receptor","OPRL1","P41146","CHEMBL2014","Family A G protein-coupled receptor","0.106542925976","17 /  0     "
"Somatostatin receptor 3","SSTR3","P32745","CHEMBL2028","Family A G protein-coupled receptor","0.106542925976","62 /  0     "
"Phosphodiesterase 3","PDE3A","Q14432","CHEMBL241","Phosphodiesterase","0.106542925976","78 /  0     "
"Phosphodiesterase 4A","PDE4A","P27815","CHEMBL254","Phosphodiesterase","0.106542925976","223 /  0     "
"LXR-alpha","NR1H3","Q13133","CHEMBL2808","Nuclear receptor","0.106542925976","32 /  0     "
"Phosphodiesterase 3B","PDE3B","Q13370","CHEMBL290","Phosphodiesterase","0.106542925976","64 /  0     "
"Matrix metalloproteinase 2","MMP2","P08253","CHEMBL333","Protease","0.106542925976","453 /  0     "
"LXR-beta","NR1H2","P55055","CHEMBL4093","Nuclear receptor","0.106542925976","32 /  0     "
"Heat shock protein HSP 90-beta","HSP90AB1","P08238","CHEMBL4303","Other cytosolic protein","0.106542925976","151 /  0     "
"Formyl peptide receptor 1","FPR1","P21462","CHEMBL3359","Family A G protein-coupled receptor","0.106542925976","19 /  0     "
"Kininogen-1","KNG1","P01042","CHEMBL3638337","Unclassified protein","0.106542925976","28 /  0     "
"Lipoxin A4 receptor","FPR2","P25090","CHEMBL4227","Family A G protein-coupled receptor","0.106542925976","42 /  0     "
"Prostaglandin E synthase","PTGES","O14684","CHEMBL5658","Enzyme","0.106542925976","87 /  0     "
"UDP-N-acetylglucosamine--peptide N-acetylglucosaminyltransferase 110 kDa subunit","OGT","O15294","CHEMBL5955","Enzyme","0.106542925976","11 /  0     "
"Alkaline phosphatase, tissue-nonspecific isozyme","ALPL","P05186","CHEMBL5979","Enzyme","0.106542925976","16 /  0     "
"Scavenger receptor class B member 1   (by homology)","SCARB1","Q8WTV0","CHEMBL1914272","Unclassified protein","0.106542925976","45 /  0     "
"Anandamide amidohydrolase","FAAH","O00519","CHEMBL2243","Enzyme","0.106542925976","451 /  0     "
"MAP kinase p38 delta","MAPK13","O15264","CHEMBL2939","Kinase","0.106542925976","28 /  0     "
"Voltage-gated potassium channel subunit Kv1.5","KCNA5","P22460","CHEMBL4306","Voltage-gated ion channel","0.106542925976","241 /  0     "
"Voltage-gated potassium channel subunit Kv1.3","KCNA3","P22001","CHEMBL4633","Voltage-gated ion channel","0.106542925976","65 /  0     "
"MAP kinase p38 gamma","MAPK12","P53778","CHEMBL4674","Kinase","0.106542925976","44 /  0     "
"Nuclear receptor ROR-gamma","RORC","P51449","CHEMBL1741186","Nuclear receptor","0.106542925976","222 /  0     "
"Insulin receptor","INSR","P06213","CHEMBL1981","Kinase","0.106542925976","125 /  0     "
"Melanocortin receptor 4","MC4R","P32245","CHEMBL259","Family A G protein-coupled receptor","0.106542925976","46 /  0     "
"Coagulation factor XI","F11","P03951","CHEMBL2820","Protease","0.106542925976","73 /  0     "
"Cholecystokinin B receptor","CCKBR","P32239","CHEMBL298","Family A G protein-coupled receptor","0.106542925976","541 /  0     "
"Calcitonin gene-related peptide type 1 receptor","CALCRL","Q16602","CHEMBL3798","Family B G protein-coupled receptor","0.106542925976","245 /  0     "
"Legumain","LGMN","Q99538","CHEMBL4244","Protease","0.106542925976","66 /  0     "
"Prostanoid EP1 receptor","PTGER1","P34995","CHEMBL1811","Family A G protein-coupled receptor","0.106542925976","92 /  0     "
"Calpain 1","CAPN1 CAPNS1","P07384 P04632","CHEMBL2111357","Protease","0.106542925976","43 /  0     "
"Peregrin","BRPF1","P55201","CHEMBL3132741","Reader","0.106542925976","39 /  0     "
"Cyclin-dependent kinase 4/cyclin D2","CCND2 CDK4","P30279 P11802","CHEMBL3301385","Kinase","0.106542925976","1 /  0     "
"NADPH oxidase 4","NOX4","Q9NPH5","CHEMBL1250375","Enzyme","0.106542925976","27 /  0     "
"Nucleotide-binding oligomerization domain-containing protein 1","NOD1","Q9Y239","CHEMBL1293222","Unclassified protein","0.106542925976","21 /  0     "
"Sentrin-specific protease 1","SENP1","Q9P0U3","CHEMBL1909484","Enzyme","0.106542925976","8 /  0     "
"Cyclin-dependent kinase 7/ cyclin H","CDK7 CCNH","P50613 P51946","CHEMBL2111288","Other cytosolic protein","0.106542925976","13 /  0     "
"Endothelial lipase","LIPG","Q9Y5X9","CHEMBL5080","Hydrolase","0.106542925976","51 /  0     "
"Monoamine oxidase B","MAOB","P27338","CHEMBL2039","Oxidoreductase","0.106542925976","341 /  0     "
"Matrix metalloproteinase 1","MMP1","P03956","CHEMBL332","Protease","0.106542925976","396 /  0     "
"Proteinase-activated receptor 1","F2R","P25116","CHEMBL3974","Family A G protein-coupled receptor","0.106542925976","61 /  0     "
"Bradykinin B1 receptor","BDKRB1","P46663","CHEMBL4308","Family A G protein-coupled receptor","0.106542925976","74 /  0     "
"Phosphatidylinositol 3-kinase catalytic subunit type 3","PIK3C3","Q8NEB9","CHEMBL1075165","Enzyme","0.106542925976","5 /  0     "