"Target","Common name","Uniprot ID","ChEMBL ID","Target Class","Probability*","Known actives (3D/2D)"
"Mitogen-activated protein kinase kinase kinase 5","MAP3K5","Q99683","CHEMBL5285","Kinase","0.0","3 /  30     "
"Histone deacetylase 1","HDAC1","Q13547","CHEMBL325","Eraser","0.0","337 /  11     "
"Adenosine A1 receptor","ADORA1","P30542","CHEMBL226","Family A G protein-coupled receptor","0.0","396 /  88     "
"Tyrosine-protein kinase LCK","LCK","P06239","CHEMBL258","Kinase","0.0","203 /  114     "
"Huntingtin","HTT","P42858","CHEMBL5514","Unclassified protein","0.0","0 /  1     "
"Estradiol 17-beta-dehydrogenase 2","HSD17B2","P37059","CHEMBL2789","Enzyme","0.0","73 /  8     "
"Estradiol 17-beta-dehydrogenase 1","HSD17B1","P14061","CHEMBL3181","Enzyme","0.0","66 /  9     "
"Dihydroorotate dehydrogenase","DHODH","Q02127","CHEMBL1966","Oxidoreductase","0.0","15 /  3     "
"Adenosine A2a receptor","ADORA2A","P29274","CHEMBL251","Family A G protein-coupled receptor","0.0","463 /  97     "
"Transient receptor potential cation channel subfamily M member 8   (by homology)","TRPM8","Q7Z2W7","CHEMBL1075319","Voltage-gated ion channel","0.0","31 /  0     "
"Carnitine palmitoyltransferase 2","CPT2","P23786","CHEMBL3238","Enzyme","0.0","11 /  0     "
"Adenosine A2b receptor","ADORA2B","P29275","CHEMBL255","Family A G protein-coupled receptor","0.0","197 /  43     "
"5-lipoxygenase activating protein","ALOX5AP","P20292","CHEMBL4550","Other cytosolic protein","0.0","585 /  0     "
"Voltage-gated potassium channel subunit Kv7.1","KCNQ1","P51787","CHEMBL1866","Voltage-gated ion channel","0.0","20 /  0     "
"Focal adhesion kinase 1","PTK2","Q05397","CHEMBL2695","Kinase","0.0","88 /  0     "
"Sodium/glucose cotransporter 1","SLC5A1","P13866","CHEMBL4979","Electrochemical transporter","0.0","194 /  0     "
"Calcitonin-gene-related peptide receptor, CALCRL/RAMP1","CALCRL RAMP1","Q16602 O60894","CHEMBL2107838","Other membrane protein","0.0","36 /  0     "
"Serine/threonine-protein kinase PLK1","PLK1","P53350","CHEMBL3024","Kinase","0.0","95 /  0     "
"DNA topoisomerase I","TOP1","P11387","CHEMBL1781","Isomerase","0.0","0 /  1     "
"Cytochrome P450 19A1","CYP19A1","P11511","CHEMBL1978","Cytochrome P450","0.0","115 /  0     "
"Mineralocorticoid receptor","NR3C2","P08235","CHEMBL1994","Nuclear receptor","0.0","86 /  0     "
"Platelet activating factor receptor","PTAFR","P25105","CHEMBL250","Family A G protein-coupled receptor","0.0","119 /  0     "
"Acetyl-CoA carboxylase 1","ACACA","Q13085","CHEMBL3351","Enzyme","0.0","115 /  0     "
"Voltage-gated potassium channel subunit Kv1.5","KCNA5","P22460","CHEMBL4306","Voltage-gated ion channel","0.0","63 /  0     "
"Translocator protein   (by homology)","TSPO","P30536","CHEMBL5742","Membrane receptor","0.0","138 /  0     "
"Isocitrate dehydrogenase [NADP] cytoplasmic","IDH1","O75874","CHEMBL2007625","Enzyme","0.0","115 /  0     "
"CDC7/DBF4 (Cell division cycle 7-related protein kinase/Activator of S phase kinase)","DBF4 CDC7","Q9UBU7 O00311","CHEMBL2111377","Kinase","0.0","32 /  0     "
"CDC7/DBF4 (Cell division cycle 7-related protein kinase/Activator of S phase kinase)","CDC7","O00311","CHEMBL5443","Kinase","0.0","68 /  0     "
"Indoleamine 2,3-dioxygenase","IDO1","P14902","CHEMBL4685","Enzyme","0.0","21 /  0     "
"Tankyrase-2","TNKS2","Q9H2K2","CHEMBL6154","Enzyme","0.0","35 /  0     "
"Serine/threonine-protein kinase Chk2","CHEK2","O96017","CHEMBL2527","Kinase","0.0","56 /  0     "
"Serine/threonine-protein kinase PLK3","PLK3","Q9H4B4","CHEMBL4897","Kinase","0.0","23 /  0     "
"Sodium channel protein type X alpha subunit   (by homology)","SCN10A","Q9Y5Y9","CHEMBL5451","Voltage-gated ion channel","0.0","35 /  0     "
"Serine/threonine-protein kinase PLK2","PLK2","Q9NYY3","CHEMBL5938","Kinase","0.0","17 /  0     "
"Phosphodiesterase 3","PDE3A","Q14432","CHEMBL241","Phosphodiesterase","0.0","60 /  0     "
"Phosphodiesterase 3B","PDE3B","Q13370","CHEMBL290","Phosphodiesterase","0.0","54 /  0     "
"Bromodomain-containing protein 4","BRD4","O60885","CHEMBL1163125","Reader","0.0","79 /  0     "
"Peptidyl-prolyl cis-trans isomerase D","PPID","Q08752","CHEMBL1697657","Enzyme","0.0","15 /  0     "
"Acetylcholinesterase","ACHE","P22303","CHEMBL220","Hydrolase","0.0","181 /  0     "
"Anandamide amidohydrolase","FAAH","O00519","CHEMBL2243","Enzyme","0.0","257 /  0     "
"TRAF2- and NCK-interacting kinase","TNIK","Q9UKE5","CHEMBL4527","Kinase","0.0","19 /  0     "
"CDK9/cyclin T1","CDK9 CCNT1","P50750 O60563","CHEMBL2111389","Other cytosolic protein","0.0","63 /  0     "
"Complement factor D","CFD","P00746","CHEMBL2176771","Protease","0.0","190 /  0     "
"CDK8/Cyclin C","CCNC CDK8","P24863 P49336","CHEMBL3038474","Kinase","0.0","38 /  0     "
"Hypoxia-inducible factor 1 alpha","HIF1A","Q16665","CHEMBL4261","Transcription factor","0.0","26 /  0     "
"TGF-beta receptor type I","TGFBR1","P36897","CHEMBL4439","Kinase","0.0","112 /  0     "
"Cell division protein kinase 8","CDK8","P49336","CHEMBL5719","Kinase","0.0","48 /  0     "
"Cannabinoid receptor 1","CNR1","P21554","CHEMBL218","Family A G protein-coupled receptor","0.0","441 /  0     "
"Protein-glutamine gamma-glutamyltransferase","TGM2","P21980","CHEMBL2730","Enzyme","0.0","101 /  0     "
"Protein-glutamine gamma-glutamyltransferase K","TGM1","P22735","CHEMBL2810","Enzyme","0.0","35 /  0     "
"Coagulation factor XIII","F13A1","P00488","CHEMBL4530","Aminoacyltransferase","0.0","50 /  0     "
"dUTP pyrophosphatase","DUT","P33316","CHEMBL5203","Enzyme","0.0","55 /  0     "
"UDP-N-acetylglucosamine--peptide N-acetylglucosaminyltransferase 110 kDa subunit","OGT","O15294","CHEMBL5955","Enzyme","0.0","10 /  0     "
"Cyclin-dependent kinase 4/cyclin D1","CCND1 CDK4","P24385 P11802","CHEMBL1907601","Kinase","0.0","65 /  0     "
"LDL receptor","LDLR","P01130","CHEMBL3311","Membrane receptor","0.0","11 /  0     "
"Calcitonin gene-related peptide type 1 receptor","CALCRL","Q16602","CHEMBL3798","Family B G protein-coupled receptor","0.0","190 /  0     "
"Transient receptor potential cation channel subfamily A member 1","TRPA1","O75762","CHEMBL6007","Voltage-gated ion channel","0.0","6 /  0     "
"Intercellular adhesion molecule-1","ICAM1","P05362","CHEMBL3070","Adhesion","0.0","19 /  0     "
"Selectin E","SELE","P16581","CHEMBL3890","Adhesion","0.0","19 /  0     "
"Secreted frizzled-related protein 1","SFRP1","Q8N474","CHEMBL5517","Unclassified protein","0.0","1 /  0     "
"Thrombin","F2","P00734","CHEMBL204","Protease","0.0","174 /  0     "
"Trypsin I","PRSS1","P07477","CHEMBL209","Protease","0.0","16 /  0     "
"Muscarinic acetylcholine receptor M3","CHRM3","P20309","CHEMBL245","Family A G protein-coupled receptor","0.0","121 /  0     "
"Dual specificity protein kinase TTK","TTK","P33981","CHEMBL3983","Kinase","0.0","63 /  0     "
"Tyrosine-protein kinase receptor FLT3","FLT3","P36888","CHEMBL1974","Kinase","0.0","159 /  0     "
"Serine/threonine-protein kinase PIM1","PIM1","P11309","CHEMBL2147","Kinase","0.0","93 /  0     "
"Serine/threonine-protein kinase Sgk1","SGK1","O00141","CHEMBL2343","Kinase","0.0","5 /  0     "
"3-phosphoinositide dependent protein kinase-1","PDPK1","O15530","CHEMBL2534","Kinase","0.0","101 /  0     "
"Cannabinoid receptor 2","CNR2","P34972","CHEMBL253","Family A G protein-coupled receptor","0.0","395 /  0     "
"Glycogen synthase kinase-3 alpha","GSK3A","P49840","CHEMBL2850","Kinase","0.0","39 /  0     "
"MAP kinase p38 delta","MAPK13","O15264","CHEMBL2939","Kinase","0.0","7 /  0     "
"Tyrosine-protein kinase JAK2","JAK2","O60674","CHEMBL2971","Kinase","0.0","184 /  0     "
"Protein kinase C delta","PRKCD","Q05655","CHEMBL2996","Kinase","0.0","20 /  0     "
"Serine/threonine-protein kinase PLK4","PLK4","O00444","CHEMBL3788","Kinase","0.0","25 /  0     "
"MAP/microtubule affinity-regulating kinase 2","MARK2","Q7KZI7","CHEMBL3831","Kinase","0.0","3 /  0     "
"LIM domain kinase 1","LIMK1","P53667","CHEMBL3836","Kinase","0.0","23 /  0     "
"AMP-activated protein kinase, beta-1 subunit","PRKAB1","Q9Y478","CHEMBL3847","Kinase","0.0","3 /  0     "
"Serine/threonine-protein kinase MST2","STK3","Q13188","CHEMBL4708","Kinase","0.0","2 /  0     "
"Serine/threonine-protein kinase D2","PRKD2","Q9BZL6","CHEMBL4900","Kinase","0.0","1 /  0     "
"Serine/threonine-protein kinase PIM3","PIM3","Q86V86","CHEMBL5407","Kinase","0.0","27 /  0     "
"Serine/threonine-protein kinase c-TAK1","MARK3","P27448","CHEMBL5600","Kinase","0.0","2 /  0     "
"Insulin-like growth factor I receptor","IGF1R","P08069","CHEMBL1957","Kinase","0.0","148 /  0     "
"Phosphodiesterase 7A","PDE7A","Q13946","CHEMBL3012","Phosphodiesterase","0.0","100 /  0     "
"Sodium/calcium exchanger 1","SLC8A1","P32418","CHEMBL4076","Electrochemical transporter","0.0","89 /  0     "
"N-acylsphingosine-amidohydrolase","NAAA","Q02083","CHEMBL4349","Enzyme","0.0","44 /  0     "
"NAD-dependent deacetylase sirtuin 2","SIRT2","Q8IXJ6","CHEMBL4462","Eraser","0.0","139 /  0     "
"Monoamine oxidase A","MAOA","P21397","CHEMBL1951","Oxidoreductase","0.0","133 /  0     "
"Hematopoietic cell protein-tyrosine phosphatase 70Z-PEP","PTPN22","Q9Y2R2","CHEMBL2889","Phosphatase","0.0","1 /  0     "
"Glucose-dependent insulinotropic receptor","GPR119","Q8TDV5","CHEMBL5652","Family A G protein-coupled receptor","0.0","93 /  0     "
"GABA-A receptor; alpha-3/beta-3/gamma-2","GABRB3 GABRA3 GABRG2","P28472 P34903 P18507","CHEMBL2094120","Ligand-gated ion channel","0.0","28 /  0     "
"GABA-A receptor; alpha-1/beta-3/gamma-2","GABRB3 GABRG2 GABRA1","P28472 P18507 P14867","CHEMBL2094121","Ligand-gated ion channel","0.0","24 /  0     "
"GABA-A receptor; alpha-5/beta-3/gamma-2","GABRB3 GABRG2 GABRA5","P28472 P18507 P31644","CHEMBL2094122","Ligand-gated ion channel","0.0","33 /  0     "
"GABA-A receptor; alpha-2/beta-3/gamma-2","GABRA2 GABRB3 GABRG2","P47869 P28472 P18507","CHEMBL2094130","Ligand-gated ion channel","0.0","33 /  0     "
"Microsomal triglyceride transfer protein large subunit","MTTP","P55157","CHEMBL2569","Other cytosolic protein","0.0","11 /  0     "
"Interleukin-1 receptor-associated kinase 4","IRAK4","Q9NWZ3","CHEMBL3778","Kinase","0.0","32 /  0     "
"cAMP-dependent protein kinase alpha-catalytic subunit","PRKACA","P17612","CHEMBL4101","Kinase","0.0","19 /  0     "
"Apolipoprotein B-100","APOB","P04114","CHEMBL4549","Secreted protein","0.0","8 /  0     "
"Tyrosine-protein kinase JAK3","JAK3","P52333","CHEMBL2148","Kinase","0.0","132 /  0     "
"Dual-specificity tyrosine-phosphorylation regulated kinase 2","DYRK2","Q92630","CHEMBL4376","Kinase","0.0","24 /  0     "
"Nuclear receptor ROR-beta","RORB","Q92753","CHEMBL3091268","Nuclear receptor","0.0","18 /  0     "