"Target","Common name","Uniprot ID","ChEMBL ID","Target Class","Probability*","Known actives (3D/2D)"
"11-beta-hydroxysteroid dehydrogenase 1","HSD11B1","P28845","CHEMBL4235","Enzyme","0.106542925976","248 /  28     "
"Cannabinoid receptor 2","CNR2","P34972","CHEMBL253","Family A G protein-coupled receptor","0.106542925976","332 /  80     "
"Cannabinoid receptor 1","CNR1","P21554","CHEMBL218","Family A G protein-coupled receptor","0.106542925976","403 /  41     "
"Metabotropic glutamate receptor 5","GRM5","P41594","CHEMBL3227","Family C G protein-coupled receptor","0.106542925976","105 /  142     "
"Rho-associated protein kinase 2","ROCK2","O75116","CHEMBL2973","Kinase","0.106542925976","323 /  0     "
"Smoothened homolog","SMO","Q99835","CHEMBL5971","Frizzled family G protein-coupled receptor","0.106542925976","97 /  80     "
"Eukaryotic translation initiation factor 2-alpha kinase 4","EIF2AK4","Q9P2K8","CHEMBL5358","Kinase","0.106542925976","9 /  0     "
"Eukaryotic translation initiation factor 2-alpha kinase 3","EIF2AK3","Q9NZJ5","CHEMBL6030","Kinase","0.106542925976","17 /  0     "
"6-phosphofructo-2-kinase/fructose-2,6-bisphosphatase 3","PFKFB3","Q16875","CHEMBL2331053","Enzyme","0.106542925976","140 /  0     "
"Muscarinic acetylcholine receptor M3","CHRM3","P20309","CHEMBL245","Family A G protein-coupled receptor","0.106542925976","127 /  0     "
"Epoxide hydratase","EPHX2","P34913","CHEMBL2409","Protease","0.106542925976","237 /  17     "
"Monoglyceride lipase   (by homology)","MGLL","Q99685","CHEMBL4191","Enzyme","0.106542925976","55 /  0     "
"Monoacylglycerol lipase ABHD6   (by homology)","ABHD6","Q9BV23","CHEMBL2189127","Enzyme","0.106542925976","19 /  0     "
"PI3-kinase p110-delta subunit","PIK3CD","O00329","CHEMBL3130","Enzyme","0.106542925976","87 /  0     "
"Nicotinamide phosphoribosyltransferase","NAMPT","P43490","CHEMBL1744525","Enzyme","0.106542925976","148 /  0     "
"Protein farnesyltransferase","FNTA FNTB","P49354 P49356","CHEMBL2094108","Enzyme","0.106542925976","231 /  0     "
"Geranylgeranyl transferase type I","PGGT1B FNTA","P53609 P49354","CHEMBL2095164","Enzyme","0.106542925976","37 /  0     "
"MAP kinase ERK2","MAPK1","P28482","CHEMBL4040","Kinase","0.106542925976","451 /  0     "
"Serine/threonine-protein kinase mTOR","MTOR","P42345","CHEMBL2842","Kinase","0.106542925976","208 /  0     "
"Complement factor D","CFD","P00746","CHEMBL2176771","Protease","0.106542925976","113 /  0     "
"Phosphodiesterase 3","PDE3A","Q14432","CHEMBL241","Phosphodiesterase","0.106542925976","53 /  0     "
"Phosphodiesterase 3B","PDE3B","Q13370","CHEMBL290","Phosphodiesterase","0.106542925976","47 /  0     "
"Fatty acid synthase","FASN","P49327","CHEMBL4158","Transferase","0.106542925976","180 /  0     "
"Gastrin releasing peptide receptor","GRPR","P30550","CHEMBL4959","Family A G protein-coupled receptor","0.106542925976","16 /  0     "
"15-hydroxyprostaglandin dehydrogenase [NAD+]","HPGD","P15428","CHEMBL1293255","Enzyme","0.106542925976","47 /  0     "
"Purinergic receptor P2Y12","P2RY12","Q9H244","CHEMBL2001","Family A G protein-coupled receptor","0.106542925976","36 /  0     "
"Scavenger receptor class B member 1","SCARB1","Q8WTV0","CHEMBL1914272","Unclassified protein","0.106542925976","34 /  0     "
"Gonadotropin-releasing hormone receptor","GNRHR","P30968","CHEMBL1855","Family A G protein-coupled receptor","0.106542925976","144 /  0     "
"Rho-associated protein kinase 1","ROCK1","Q13464","CHEMBL3231","Kinase","0.106542925976","130 /  0     "
"Calcitonin gene-related peptide type 1 receptor","CALCRL","Q16602","CHEMBL3798","Family B G protein-coupled receptor","0.106542925976","248 /  0     "
"FK506-binding protein 1A","FKBP1A","P62942","CHEMBL1902","Isomerase","0.106542925976","70 /  0     "
"CDK8/Cyclin C","CCNC CDK8","P24863 P49336","CHEMBL3038474","Kinase","0.106542925976","22 /  0     "
"Cell division protein kinase 8","CDK8","P49336","CHEMBL5719","Kinase","0.106542925976","28 /  0     "
"Protein Wnt-3a   (by homology)","WNT3A","P56704","CHEMBL1255137","Unclassified protein","0.106542925976","4 /  0     "
"HERG","KCNH2","Q12809","CHEMBL240","Voltage-gated ion channel","0.106542925976","319 /  19     "
"Serine/threonine-protein kinase RAF","RAF1","P04049","CHEMBL1906","Kinase","0.106542925976","62 /  0     "
"Insulin-like growth factor I receptor","IGF1R","P08069","CHEMBL1957","Kinase","0.106542925976","190 /  0     "
"Probable G-protein coupled receptor 142","GPR142","Q7Z601","CHEMBL2069161","Family A G protein-coupled receptor","0.106542925976","9 /  0     "
"Adenosine A1 receptor   (by homology)","ADORA1","P30542","CHEMBL226","Family A G protein-coupled receptor","0.106542925976","326 /  0     "
"Platelet activating factor receptor","PTAFR","P25105","CHEMBL250","Family A G protein-coupled receptor","0.106542925976","111 /  0     "
"Adenosine A2b receptor","ADORA2B","P29275","CHEMBL255","Family A G protein-coupled receptor","0.106542925976","162 /  0     "
"ALK tyrosine kinase receptor","ALK","Q9UM73","CHEMBL4247","Kinase","0.106542925976","87 /  0     "
"Ribosomal protein S6 kinase 1","RPS6KB1","P23443","CHEMBL4501","Kinase","0.106542925976","148 /  0     "
"c-Jun N-terminal kinase 3","MAPK10","P53779","CHEMBL2637","Kinase","0.106542925976","127 /  0     "
"Inhibitor of nuclear factor kappa B kinase epsilon subunit","IKBKE","Q14164","CHEMBL3529","Kinase","0.106542925976","27 /  0     "
"Serine/threonine-protein kinase TBK1","TBK1","Q9UHD2","CHEMBL5408","Kinase","0.106542925976","43 /  0     "
"Thyroid stimulating hormone receptor","TSHR","P16473","CHEMBL1963","Family A G protein-coupled receptor","0.106542925976","16 /  0     "
"Coagulation factor IX","F9","P00740","CHEMBL2016","Protease","0.106542925976","21 /  0     "
"Hematopoietic cell protein-tyrosine phosphatase 70Z-PEP","PTPN22","Q9Y2R2","CHEMBL2889","Phosphatase","0.106542925976","2 /  0     "
"dUTP pyrophosphatase","DUT","P33316","CHEMBL5203","Enzyme","0.106542925976","110 /  0     "
"Cyclin-dependent kinase 5/CDK5 activator 1","CDK5R1 CDK5","Q15078 Q00535","CHEMBL1907600","Kinase","0.106542925976","70 /  0     "
"Gamma-secretase","PSEN2 PSENEN NCSTN APH1A PSEN1 APH1B","P49810 Q9NZ42 Q92542 Q96BI3 P49768 Q8WW43","CHEMBL2094135","Protease","0.106542925976","246 /  0     "
"Endothelin-converting enzyme 1","ECE1","P42892","CHEMBL4791","Protease","0.106542925976","12 /  0     "
"P2X purinoceptor 7","P2RX7","Q99572","CHEMBL4805","Ligand-gated ion channel","0.106542925976","73 /  0     "
"Protein tyrosine kinase 2 beta","PTK2B","Q14289","CHEMBL5469","Kinase","0.106542925976","29 /  0     "
"Phosphodiesterase 5A","PDE5A","O76074","CHEMBL1827","Phosphodiesterase","0.106542925976","112 /  0     "
"Stem cell growth factor receptor","KIT","P10721","CHEMBL1936","Kinase","0.106542925976","102 /  0     "
"Platelet-derived growth factor receptor alpha","PDGFRA","P16234","CHEMBL2007","Kinase","0.106542925976","63 /  0     "
"Dopamine D1 receptor","DRD1","P21728","CHEMBL2056","Family A G protein-coupled receptor","0.106542925976","76 /  0     "
"Adenosine A3 receptor","ADORA3","P0DMS8","CHEMBL256","Family A G protein-coupled receptor","0.106542925976","193 /  0     "
"Vascular endothelial growth factor receptor 2","KDR","P35968","CHEMBL279","Kinase","0.106542925976","719 /  0     "
"Galanin receptor 2","GALR2","O43603","CHEMBL3176","Family A G protein-coupled receptor","0.106542925976","7 /  0     "
"Phosphodiesterase 9A","PDE9A","O76083","CHEMBL3535","Phosphodiesterase","0.106542925976","16 /  0     "
"Sodium/glucose cotransporter 1","SLC5A1","P13866","CHEMBL4979","Electrochemical transporter","0.106542925976","221 /  0     "
"Serine/threonine-protein kinase B-raf","BRAF","P15056","CHEMBL5145","Kinase","0.106542925976","143 /  0     "
"Prolactin-releasing peptide receptor","PRLHR","P49683","CHEMBL1681611","Family A G protein-coupled receptor","0.106542925976","12 /  0     "
"Tyrosine-protein kinase ABL","ABL1","P00519","CHEMBL1862","Kinase","0.106542925976","132 /  0     "
"Tyrosine-protein kinase SRC","SRC","P12931","CHEMBL267","Kinase","0.106542925976","193 /  0     "
"Phosphodiesterase 4D","PDE4D","Q08499","CHEMBL288","Phosphodiesterase","0.106542925976","70 /  0     "
"NAD-dependent deacetylase sirtuin 3","SIRT3","Q9NTG7","CHEMBL4461","Eraser","0.106542925976","52 /  0     "
"NAD-dependent deacetylase sirtuin 2","SIRT2","Q8IXJ6","CHEMBL4462","Eraser","0.106542925976","82 /  0     "
"Cyclin-dependent kinase 2/cyclin E1","CCNE1 CDK2","P24864 P24941","CHEMBL1907605","Kinase","0.106542925976","69 /  0     "
"Calcitonin gene-related peptide 1","CALCA","P06881","CHEMBL5293","Unclassified protein","0.106542925976","15 /  0     "
"Peptidyl-prolyl cis-trans isomerase NIMA-interacting 1","PIN1","Q13526","CHEMBL2288","Enzyme","0.106542925976","3 /  0     "
"DGAT1 protein","DGAT1","Q9BRH5","CHEMBL3638325","Unclassified protein","0.106542925976","4 /  0     "
"Receptor protein-tyrosine kinase erbB-2","ERBB2","P04626","CHEMBL1824","Kinase","0.106542925976","102 /  0     "
"Cytochrome P450 19A1","CYP19A1","P11511","CHEMBL1978","Cytochrome P450","0.106542925976","43 /  0     "
"Isocitrate dehydrogenase [NADP] cytoplasmic","IDH1","O75874","CHEMBL2007625","Enzyme","0.106542925976","92 /  0     "
"Thrombin","F2","P00734","CHEMBL204","Protease","0.106542925976","229 /  0     "
"Bradykinin B2 receptor","BDKRB2","P30411","CHEMBL3157","Family A G protein-coupled receptor","0.106542925976","78 /  0     "
"Free fatty acid receptor 1","FFAR1","O14842","CHEMBL4422","Family A G protein-coupled receptor","0.106542925976","5 /  0     "
"Neuropeptide Y receptor type 5","NPY5R","Q15761","CHEMBL4561","Family A G protein-coupled receptor","0.106542925976","220 /  0     "
"Vanilloid receptor","TRPV1","Q8NER1","CHEMBL4794","Voltage-gated ion channel","0.106542925976","465 /  0     "
"Methionine aminopeptidase 1","METAP1","P53582","CHEMBL2474","Protease","0.106542925976","16 /  0     "
"PI3-kinase p110-beta subunit","PIK3CB","P42338","CHEMBL3145","Enzyme","0.106542925976","72 /  0     "
"PI3-kinase p110-gamma subunit","PIK3CG","P48736","CHEMBL3267","Enzyme","0.106542925976","102 /  0     "
"Phosphatidylcholine:ceramide cholinephosphotransferase 1","SGMS1","Q86VZ5","CHEMBL3611965","Transferase","0.106542925976","3 /  0     "
"Kininogen-1","KNG1","P01042","CHEMBL3638337","Unclassified protein","0.106542925976","16 /  0     "
"Hepatocyte growth factor receptor","MET","P08581","CHEMBL3717","Kinase","0.106542925976","367 /  0     "
"PI3-kinase p110-alpha subunit","PIK3CA","P42336","CHEMBL4005","Enzyme","0.106542925976","286 /  0     "
"Probable protein-cysteine N-palmitoyltransferase porcupine   (by homology)","PORCN","Q9H237","CHEMBL1255163","Enzyme","0.106542925976","25 /  0     "
"Tyrosine-protein kinase SYK","SYK","P43405","CHEMBL2599","Kinase","0.106542925976","238 /  0     "
"CDK3/Cyclin E","CCNE1 CDK3","P24864 Q00526","CHEMBL3038471","Kinase","0.106542925976","30 /  0     "
"UDP-N-acetylglucosamine--peptide N-acetylglucosaminyltransferase 110 kDa subunit","OGT","O15294","CHEMBL5955","Enzyme","0.106542925976","14 /  0     "
"Polyadenylate-binding protein 1","PABPC1","P11940","CHEMBL1293286","Unclassified protein","0.106542925976","4 /  0     "
"Focal adhesion kinase 1","PTK2","Q05397","CHEMBL2695","Kinase","0.106542925976","95 /  0     "
"Calpain 1","CAPN1","P07384","CHEMBL3891","Protease","0.106542925976","72 /  0     "
"Sodium channel protein type IX alpha subunit","SCN9A","Q15858","CHEMBL4296","Voltage-gated ion channel","0.106542925976","125 /  0     "
"Heat shock protein beta-1","HSPB1","P04792","CHEMBL5976","Other cytosolic protein","0.106542925976","3 /  0     "
"Glucocorticoid receptor","NR3C1","P04150","CHEMBL2034","Nuclear receptor","0.106542925976","140 /  0     "