"Target","Common name","Uniprot ID","ChEMBL ID","Target Class","Probability*","Known actives (3D/2D)"
"Vascular endothelial growth factor receptor 2","KDR","P35968","CHEMBL279","Kinase","0.100634432184","1018 /  0     "
"Hepatocyte growth factor receptor","MET","P08581","CHEMBL3717","Kinase","0.100634432184","606 /  0     "
"PI3-kinase p110-gamma subunit","PIK3CG","P48736","CHEMBL3267","Enzyme","0.100634432184","501 /  0     "
"TRAF2- and NCK-interacting kinase","TNIK","Q9UKE5","CHEMBL4527","Kinase","0.100634432184","39 /  94     "
"Vascular endothelial growth factor receptor 1","FLT1","P17948","CHEMBL1868","Kinase","0.100634432184","93 /  0     "
"Vascular endothelial growth factor receptor 3","FLT4","P35916","CHEMBL1955","Kinase","0.100634432184","70 /  0     "
"Serine/threonine-protein kinase mTOR","MTOR","P42345","CHEMBL2842","Kinase","0.100634432184","1074 /  0     "
"PI3-kinase p110-alpha subunit","PIK3CA","P42336","CHEMBL4005","Enzyme","0.100634432184","1685 /  0     "
"Type-1 angiotensin II receptor   (by homology)","AGTR1","P30556","CHEMBL227","Family A G protein-coupled receptor","0.100634432184","443 /  0     "
"Sodium channel protein type IX alpha subunit","SCN9A","Q15858","CHEMBL4296","Voltage-gated ion channel","0.100634432184","1010 /  0     "
"Serine/threonine-protein kinase Aurora-B","AURKB","Q96GD4","CHEMBL2185","Kinase","0.100634432184","431 /  0     "
"Inosine-5'-monophosphate dehydrogenase 2","IMPDH2","P12268","CHEMBL2002","Oxidoreductase","0.100634432184","207 /  0     "
"Tyrosine-protein kinase SYK","SYK","P43405","CHEMBL2599","Kinase","0.100634432184","655 /  0     "
"Smoothened homolog","SMO","Q99835","CHEMBL5971","Frizzled family G protein-coupled receptor","0.100634432184","74 /  0     "
"Tyrosine-protein kinase JAK3","JAK3","P52333","CHEMBL2148","Kinase","0.100634432184","388 /  0     "
"Tyrosine-protein kinase JAK2","JAK2","O60674","CHEMBL2971","Kinase","0.100634432184","585 /  0     "
"Bromodomain-containing protein 4","BRD4","O60885","CHEMBL1163125","Reader","0.100634432184","149 /  0     "
"Bombesin receptor subtype-3","BRS3","P32247","CHEMBL4080","Family A G protein-coupled receptor","0.100634432184","27 /  0     "
"C-C chemokine receptor type 9","CCR9","P51686","CHEMBL5815","Family A G protein-coupled receptor","0.100634432184","64 /  0     "
"Cholesteryl ester transfer protein","CETP","P11597","CHEMBL3572","Other ion channel","0.100634432184","88 /  0     "
"Orexin receptor 2","HCRTR2","O43614","CHEMBL4792","Family A G protein-coupled receptor","0.100634432184","266 /  0     "
"G protein-coupled receptor 44","PTGDR2","Q9Y5Y4","CHEMBL5071","Family A G protein-coupled receptor","0.100634432184","44 /  0     "
"Orexin receptor 1","HCRTR1","O43613","CHEMBL5113","Family A G protein-coupled receptor","0.100634432184","241 /  0     "
"Insulin-like growth factor I receptor","IGF1R","P08069","CHEMBL1957","Kinase","0.100634432184","489 /  0     "
"Purinergic receptor P2Y12","P2RY12","Q9H244","CHEMBL2001","Family A G protein-coupled receptor","0.100634432184","110 /  0     "
"Prostanoid EP3 receptor","PTGER3","P43115","CHEMBL3710","Family A G protein-coupled receptor","0.100634432184","300 /  0     "
"Prostanoid EP1 receptor","PTGER1","P34995","CHEMBL1811","Family A G protein-coupled receptor","0.100634432184","89 /  0     "
"Prostanoid EP4 receptor","PTGER4","P35408","CHEMBL1836","Family A G protein-coupled receptor","0.100634432184","93 /  0     "
"Poly [ADP-ribose] polymerase-1","PARP1","P09874","CHEMBL3105","Enzyme","0.100634432184","226 /  0     "
"Transcription intermediary factor 1-alpha","TRIM24","O15164","CHEMBL3108638","Reader","0.100634432184","28 /  0     "
"Protein-tyrosine phosphatase 1B","PTPN1","P18031","CHEMBL335","Phosphatase","0.100634432184","149 /  0     "
"Beta-secretase 1","BACE1","P56817","CHEMBL4822","Protease","0.100634432184","918 /  0     "
"PI3-kinase p110-delta subunit","PIK3CD","O00329","CHEMBL3130","Enzyme","0.100634432184","546 /  0     "
"Calpain 1","CAPN1","P07384","CHEMBL3891","Protease","0.100634432184","218 /  0     "
"Phosphoglycerate kinase 1","PGK1","P00558","CHEMBL2886","Enzyme","0.100634432184","9 /  0     "
"Group X secretory phospholipase A2","PLA2G10","O15496","CHEMBL4342","Enzyme","0.100634432184","5 /  0     "
"Sulfonylurea receptor 2, Kir6.2","KCNJ11 ABCC9","Q14654 O60706","CHEMBL2095198","Primary active transporter","0.100634432184","1 /  0     "
"Sulfonylurea receptor 1, Kir6.2","ABCC8 KCNJ11","Q09428 Q14654","CHEMBL2096972","Voltage-gated ion channel","0.100634432184","1 /  0     "
"Cytochrome P450 2C9","CYP2C9","P11712","CHEMBL3397","Cytochrome P450","0.100634432184","23 /  0     "
"Serine/threonine-protein kinase Aurora-A","AURKA","O14965","CHEMBL4722","Kinase","0.100634432184","736 /  0     "
"Bile salt export pump","ABCB11","O95342","CHEMBL6020","Primary active transporter","0.100634432184","3 /  0     "
"Integrin alpha-4/beta-1","ITGB1 ITGA4","P05556 P13612","CHEMBL1907599","Membrane receptor","0.100634432184","4 /  0     "
"Oxytocin receptor","OXTR","P30559","CHEMBL2049","Family A G protein-coupled receptor","0.100634432184","173 /  0     "
"dUTP pyrophosphatase","DUT","P33316","CHEMBL5203","Enzyme","0.100634432184","125 /  0     "
"Serine/threonine-protein kinase receptor R3","ACVRL1","P37023","CHEMBL5311","Kinase","0.100634432184","4 /  0     "
"Bromodomain-containing protein 2","BRD2","P25440","CHEMBL1293289","Reader","0.100634432184","49 /  0     "
"Bromodomain-containing protein 3","BRD3","Q15059","CHEMBL1795186","Reader","0.100634432184","54 /  0     "
"Phosphodiesterase 4B","PDE4B","Q07343","CHEMBL275","Phosphodiesterase","0.100634432184","185 /  0     "
"CREB-binding protein/p53","CREBBP","Q92793","CHEMBL5747","Writer","0.100634432184","28 /  0     "
"Plectin","PLEC","Q15149","CHEMBL1293240","Unclassified protein","0.100634432184","16 /  0     "
"Beta secretase 2","BACE2","Q9Y5Z0","CHEMBL2525","Protease","0.100634432184","37 /  0     "
"Geranylgeranyl transferase type I beta subunit","PGGT1B","P53609","CHEMBL4135","Enzyme","0.100634432184","29 /  0     "
"Serotonin 6 (5-HT6) receptor","HTR6","P50406","CHEMBL3371","Family A G protein-coupled receptor","0.100634432184","127 /  0     "
"Calpain 2","CAPN2","P17655","CHEMBL2382","Protease","0.100634432184","56 /  0     "
"Cathepsin (B and K)","CTSB","P07858","CHEMBL4072","Protease","0.100634432184","134 /  0     "
"Neuropeptide Y receptor type 1","NPY1R","P25929","CHEMBL4777","Family A G protein-coupled receptor","0.100634432184","22 /  0     "
"Cyclin-dependent kinase 2/cyclin E1","CCNE1 CDK2","P24864 P24941","CHEMBL1907605","Kinase","0.100634432184","131 /  0     "
"Kinesin-1 heavy chain/ Tyrosine-protein kinase receptor RET","RET","P07949","CHEMBL2041","Kinase","0.100634432184","68 /  0     "
"CDK9/cyclin T1","CDK9 CCNT1","P50750 O60563","CHEMBL2111389","Other cytosolic protein","0.100634432184","57 /  0     "
"Glutaminase kidney isoform, mitochondrial","GLS","O94925","CHEMBL2146302","Enzyme","0.100634432184","27 /  0     "
"c-Jun N-terminal kinase 1","MAPK8","P45983","CHEMBL2276","Kinase","0.100634432184","263 /  0     "
"Cathepsin K","CTSK","P43235","CHEMBL268","Protease","0.100634432184","306 /  0     "
"Cathepsin S","CTSS","P25774","CHEMBL2954","Protease","0.100634432184","379 /  0     "
"Cholecystokinin B receptor","CCKBR","P32239","CHEMBL298","Family A G protein-coupled receptor","0.100634432184","280 /  0     "
"Sodium/calcium exchanger 1","SLC8A1","P32418","CHEMBL4076","Electrochemical transporter","0.100634432184","132 /  0     "
"Fibroblast growth factor receptor 2","FGFR2","P21802","CHEMBL4142","Kinase","0.100634432184","60 /  0     "
"Endothelin receptor ET-B","EDNRB","P24530","CHEMBL1785","Family A G protein-coupled receptor","0.100634432184","238 /  0     "
"Cholecystokinin A receptor","CCKAR","P32238","CHEMBL1901","Family A G protein-coupled receptor","0.100634432184","74 /  0     "
"Carbonic anhydrase II","CA2","P00918","CHEMBL205","Lyase","0.100634432184","276 /  0     "
"Peroxisome proliferator-activated receptor alpha","PPARA","Q07869","CHEMBL239","Nuclear receptor","0.100634432184","39 /  0     "
"Thrombin and coagulation factor X","F10","P00742","CHEMBL244","Protease","0.100634432184","634 /  0     "
"Endothelin receptor ET-A","EDNRA","P25101","CHEMBL252","Family A G protein-coupled receptor","0.100634432184","523 /  0     "
"Carbonic anhydrase I","CA1","P00915","CHEMBL261","Lyase","0.100634432184","226 /  0     "
"Glycogen synthase kinase-3 beta","GSK3B","P49841","CHEMBL262","Kinase","0.100634432184","316 /  0     "
"Carbonic anhydrase XII","CA12","O43570","CHEMBL3242","Lyase","0.100634432184","182 /  0     "
"Carbonic anhydrase IX","CA9","Q16790","CHEMBL3594","Lyase","0.100634432184","200 /  0     "
"Hypoxia-inducible factor 1 alpha","HIF1A","Q16665","CHEMBL4261","Transcription factor","0.100634432184","21 /  0     "
"Nerve growth factor receptor Trk-A","NTRK1","P04629","CHEMBL2815","Kinase","0.100634432184","337 /  0     "
"Cathepsin (V and K)   (by homology)","CTSV","O60911","CHEMBL3272","Protease","0.100634432184","30 /  0     "
"Hexokinase type IV","GCK","P35557","CHEMBL3820","Enzyme","0.100634432184","288 /  0     "
"5-lipoxygenase activating protein","ALOX5AP","P20292","CHEMBL4550","Other cytosolic protein","0.100634432184","240 /  0     "
"Vanilloid receptor   (by homology)","TRPV1","Q8NER1","CHEMBL4794","Voltage-gated ion channel","0.100634432184","222 /  0     "
"G-protein coupled receptor 55","GPR55","Q9Y2T6","CHEMBL1075322","Family A G protein-coupled receptor","0.100634432184","26 /  0     "
"Protein farnesyltransferase","FNTA FNTB","P49354 P49356","CHEMBL2094108","Enzyme","0.100634432184","257 /  0     "
"Caspase-3","CASP3","P42574","CHEMBL2334","Protease","0.100634432184","213 /  0     "
"Caspase-6","CASP6","P55212","CHEMBL3308","Protease","0.100634432184","36 /  0     "
"Caspase-7","CASP7","P55210","CHEMBL3468","Protease","0.100634432184","134 /  0     "
"Caspase-8","CASP8","Q14790","CHEMBL3776","Protease","0.100634432184","100 /  0     "
"Heat shock protein HSP 90-alpha","HSP90AA1","P07900","CHEMBL3880","Other cytosolic protein","0.100634432184","85 /  0     "
"Voltage-gated potassium channel subunit Kv1.5","KCNA5","P22460","CHEMBL4306","Voltage-gated ion channel","0.100634432184","134 /  0     "
"Neuropeptide Y receptor type 5","NPY5R","Q15761","CHEMBL4561","Family A G protein-coupled receptor","0.100634432184","134 /  0     "
"Angiotensin II receptor","AGTR2","P50052","CHEMBL4607","Family A G protein-coupled receptor","0.100634432184","61 /  0     "
"Caspase-1","CASP1","P29466","CHEMBL4801","Protease","0.100634432184","145 /  0     "
"Cyclin-dependent kinase 5/CDK5 activator 1","CDK5R1 CDK5","Q15078 Q00535","CHEMBL1907600","Kinase","0.100634432184","217 /  0     "
"Cyclin-dependent kinase 1/cyclin B","CCNB3 CDK1 CCNB1 CCNB2","Q8WWL7 P06493 P14635 O95067","CHEMBL2094127","Other cytosolic protein","0.100634432184","64 /  0     "
"HERG","KCNH2","Q12809","CHEMBL240","Voltage-gated ion channel","0.100634432184","228 /  0     "
"Cathepsin D","CTSD","P07339","CHEMBL2581","Protease","0.100634432184","205 /  0     "
"PI3-kinase p110-beta subunit","PIK3CB","P42338","CHEMBL3145","Enzyme","0.100634432184","521 /  0     "
"Rho-associated protein kinase 1","ROCK1","Q13464","CHEMBL3231","Kinase","0.100634432184","113 /  0     "
"Cathepsin L","CTSL","P07711","CHEMBL3837","Protease","0.100634432184","211 /  0     "